"SeriesAccession","Platform","MatrixFile","URL","Bytes","MD5","DownloadedAt","Status"
"GSE14","GPL11","GSE14-GPL11_series_matrix.txt.gz","https://ftp.ncbi.nlm.nih.gov/geo/series/GSEnnn/GSE14/matrix/GSE14-GPL11_series_matrix.txt.gz",13136826,"ad3a8dc8bea2162d9ce8b42edfecc443","2026-09-16T14:26:15","OK"
"GSE14","GPL1349","GSE14-GPL1349_series_matrix.txt.gz","https://ftp.ncbi.nlm.nih.gov/geo/series/GSEnnn/GSE14/matrix/GSE14-GPL1349_series_matrix.txt.gz",4339581,"4dd8666a3a09b668936f65d84ee11294","2026-09-16T14:26:16","OK"
"GSE14","GPL1485","GSE14-GPL1485_series_matrix.txt.gz","https://ftp.ncbi.nlm.nih.gov/geo/series/GSEnnn/GSE14/matrix/GSE14-GPL1485_series_matrix.txt.gz",51002890,"caddb44a52ffcd3c63a17a037a123afa","2026-09-16T14:26:21","OK"
"GSE14","GPL4","GSE14-GPL4_series_matrix.txt.gz","https://ftp.ncbi.nlm.nih.gov/geo/series/GSEnnn/GSE14/matrix/GSE14-GPL4_series_matrix.txt.gz",14741074,"0c31de136fecba5d1399616ddd9868b7","2026-09-16T14:26:22","OK"
"GSE982",,"GSE982_series_matrix.txt.gz","https://ftp.ncbi.nlm.nih.gov/geo/series/GSEnnn/GSE982/matrix/GSE982_series_matrix.txt.gz",3200319,"eeced30732347d50236290ba0d3587e6","2026-09-16T14:26:23","OK"
"GSE995","GPL80","GSE995-GPL80_series_matrix.txt.gz","https://ftp.ncbi.nlm.nih.gov/geo/series/GSEnnn/GSE995/matrix/GSE995-GPL80_series_matrix.txt.gz",554105,"bac0d70c186c0a157358d0d499989727","2026-09-16T14:26:24","OK"
"GSE995","GPL96","GSE995-GPL96_series_matrix.txt.gz","https://ftp.ncbi.nlm.nih.gov/geo/series/GSEnnn/GSE995/matrix/GSE995-GPL96_series_matrix.txt.gz",3680741,"6bf3132afd645016086aa62bd67b3268","2026-09-16T14:26:25","OK"
"GSE2594",,"GSE2594_series_matrix.txt.gz","https://ftp.ncbi.nlm.nih.gov/geo/series/GSE2nnn/GSE2594/matrix/GSE2594_series_matrix.txt.gz",637222,"0947a6cadf4a40d8eb89bcb80ed3251c","2026-09-16T14:26:25","OK"
"GSE15309",,"GSE15309_series_matrix.txt.gz","https://ftp.ncbi.nlm.nih.gov/geo/series/GSE15nnn/GSE15309/matrix/GSE15309_series_matrix.txt.gz",14739170,"d74b72b45e3eaafe3d228c708a309c10","2026-09-16T14:26:27","OK"
"GSE19853",,"GSE19853_series_matrix.txt.gz","https://ftp.ncbi.nlm.nih.gov/geo/series/GSE19nnn/GSE19853/matrix/GSE19853_series_matrix.txt.gz",14164683,"9fba9d8a2bd1036b0facb2745c4ae387","2026-09-16T14:26:29","OK"
"GSE24224","GPL5082","GSE24224-GPL5082_series_matrix.txt.gz","https://ftp.ncbi.nlm.nih.gov/geo/series/GSE24nnn/GSE24224/matrix/GSE24224-GPL5082_series_matrix.txt.gz",3397,"5fbe4b0bf8b37993663bf615eba671be","2026-09-16T14:26:30","OK"
"GSE24224","GPL570","GSE24224-GPL570_series_matrix.txt.gz","https://ftp.ncbi.nlm.nih.gov/geo/series/GSE24nnn/GSE24224/matrix/GSE24224-GPL570_series_matrix.txt.gz",1515321,"9f9fcf4432780fcb36409dfe00697478","2026-09-16T14:26:30","OK"
"GSE26114",,"GSE26114_series_matrix.txt.gz","https://ftp.ncbi.nlm.nih.gov/geo/series/GSE26nnn/GSE26114/matrix/GSE26114_series_matrix.txt.gz",2935943,"d07f4839f3faf6d500a09ca7c325a757","2026-09-16T14:26:31","OK"
"GSE26921",,"GSE26921_series_matrix.txt.gz","https://ftp.ncbi.nlm.nih.gov/geo/series/GSE26nnn/GSE26921/matrix/GSE26921_series_matrix.txt.gz",1097306,"ac0697359ea12afa6913c5fd2bbc1299","2026-09-16T14:26:32","OK"
"GSE28185",,"GSE28185_series_matrix.txt.gz","https://ftp.ncbi.nlm.nih.gov/geo/series/GSE28nnn/GSE28185/matrix/GSE28185_series_matrix.txt.gz",474890,"938d0c9ab82fe98a65f30d57f1c363b7","2026-09-16T14:26:33","OK"
"GSE28818",,"GSE28818_series_matrix.txt.gz","https://ftp.ncbi.nlm.nih.gov/geo/series/GSE28nnn/GSE28818/matrix/GSE28818_series_matrix.txt.gz",306275,"7b7e0bee8a58a42c5e013b2c156981aa","2026-09-16T14:26:34","OK"
"GSE29799","GPL6244","GSE29799-GPL6244_series_matrix.txt.gz","https://ftp.ncbi.nlm.nih.gov/geo/series/GSE29nnn/GSE29799/matrix/GSE29799-GPL6244_series_matrix.txt.gz",1174717,"132cf359d13c364074215fce3e52baf4","2026-09-16T14:26:34","OK"
"GSE29799","GPL6246","GSE29799-GPL6246_series_matrix.txt.gz","https://ftp.ncbi.nlm.nih.gov/geo/series/GSE29nnn/GSE29799/matrix/GSE29799-GPL6246_series_matrix.txt.gz",4697786,"b2d49632132b35f6e1b97d4cebf6e700","2026-09-16T14:26:35","OK"
"GSE29828",,"GSE29828_series_matrix.txt.gz","https://ftp.ncbi.nlm.nih.gov/geo/series/GSE29nnn/GSE29828/matrix/GSE29828_series_matrix.txt.gz",4603872,"cad8cbe34ffbe0582d225f6936243c30","2026-09-16T14:26:36","OK"
"GSE30315",,"GSE30315_series_matrix.txt.gz","https://ftp.ncbi.nlm.nih.gov/geo/series/GSE30nnn/GSE30315/matrix/GSE30315_series_matrix.txt.gz",620192,"882da218ef2a34bf16406bbe0df07be4","2026-09-16T14:26:37","OK"
"GSE33892",,"GSE33892_series_matrix.txt.gz","https://ftp.ncbi.nlm.nih.gov/geo/series/GSE33nnn/GSE33892/matrix/GSE33892_series_matrix.txt.gz",1568277,"281e80fc5a334a6d8549c71092f2437c","2026-09-16T14:26:38","OK"
"GSE34672",,"GSE34672_series_matrix.txt.gz","https://ftp.ncbi.nlm.nih.gov/geo/series/GSE34nnn/GSE34672/matrix/GSE34672_series_matrix.txt.gz",7376737,"96800d466e454e0e14adac7fe190d63d","2026-09-16T14:26:39","OK"
"GSE34726","GPL10558","GSE34726-GPL10558_series_matrix.txt.gz","https://ftp.ncbi.nlm.nih.gov/geo/series/GSE34nnn/GSE34726/matrix/GSE34726-GPL10558_series_matrix.txt.gz",7375796,"c0db8af78aeeab329b921a5dbdefe25e","2026-09-16T14:26:41","OK"
"GSE34726","GPL10999","GSE34726-GPL10999_series_matrix.txt.gz","https://ftp.ncbi.nlm.nih.gov/geo/series/GSE34nnn/GSE34726/matrix/GSE34726-GPL10999_series_matrix.txt.gz",3315,"1a94b6843f2757b3322a4448c80fa436","2026-09-16T14:26:41","OK"
"GSE34965",,"GSE34965_series_matrix.txt.gz","https://ftp.ncbi.nlm.nih.gov/geo/series/GSE34nnn/GSE34965/matrix/GSE34965_series_matrix.txt.gz",1181507,"4cf31dfe714ba99dfa1f7e8e52a4be32","2026-09-16T14:26:42","OK"
"GSE38865","GPL10558","GSE38865-GPL10558_series_matrix.txt.gz","https://ftp.ncbi.nlm.nih.gov/geo/series/GSE38nnn/GSE38865/matrix/GSE38865-GPL10558_series_matrix.txt.gz",1913616,"b85ec65b9ab6dfb1edfe64b9adfaf91a","2026-09-16T14:26:43","OK"
"GSE38865","GPL15724","GSE38865-GPL15724_series_matrix.txt.gz","https://ftp.ncbi.nlm.nih.gov/geo/series/GSE38nnn/GSE38865/matrix/GSE38865-GPL15724_series_matrix.txt.gz",27632098,"1ae2713d6f4ed69feb71ff09cb444940","2026-09-16T14:26:45","OK"
"GSE38865","GPL6884","GSE38865-GPL6884_series_matrix.txt.gz","https://ftp.ncbi.nlm.nih.gov/geo/series/GSE38nnn/GSE38865/matrix/GSE38865-GPL6884_series_matrix.txt.gz",4955853,"6f2b5849268344ca2ee5491649cef406","2026-09-16T14:26:46","OK"
"GSE40442",,"GSE40442_series_matrix.txt.gz","https://ftp.ncbi.nlm.nih.gov/geo/series/GSE40nnn/GSE40442/matrix/GSE40442_series_matrix.txt.gz",210067583,"feea6a5f5892a6aadf97e35ef391467c","2026-09-16T14:27:05","OK"
"GSE40871","GPL13534","GSE40871-GPL13534_series_matrix.txt.gz","https://ftp.ncbi.nlm.nih.gov/geo/series/GSE40nnn/GSE40871/matrix/GSE40871-GPL13534_series_matrix.txt.gz",120372114,"55ea79cf3702e5bff6489b2b4313ac1a","2026-09-16T14:27:16","OK"
"GSE40871","GPL5188","GSE40871-GPL5188_series_matrix.txt.gz","https://ftp.ncbi.nlm.nih.gov/geo/series/GSE40nnn/GSE40871/matrix/GSE40871-GPL5188_series_matrix.txt.gz",210067577,"f0f52c458d37125c5c0cf9f66970bd13","2026-09-16T14:27:35","OK"
"GSE42259",,"GSE42259_series_matrix.txt.gz","https://ftp.ncbi.nlm.nih.gov/geo/series/GSE42nnn/GSE42259/matrix/GSE42259_series_matrix.txt.gz",1714954,"3a99b067ca8dce430c6f184947827b1c","2026-09-16T14:27:36","OK"
"GSE42261","GPL1261","GSE42261-GPL1261_series_matrix.txt.gz","https://ftp.ncbi.nlm.nih.gov/geo/series/GSE42nnn/GSE42261/matrix/GSE42261-GPL1261_series_matrix.txt.gz",1424147,"443395b5c8176144d5955254b8b29367","2026-09-16T14:27:37","OK"
"GSE42261","GPL570","GSE42261-GPL570_series_matrix.txt.gz","https://ftp.ncbi.nlm.nih.gov/geo/series/GSE42nnn/GSE42261/matrix/GSE42261-GPL570_series_matrix.txt.gz",1714872,"be54abb0b6d5a5f878c279a457a94d86","2026-09-16T14:27:37","OK"
"GSE43022","GPL11154","GSE43022-GPL11154_series_matrix.txt.gz","https://ftp.ncbi.nlm.nih.gov/geo/series/GSE43nnn/GSE43022/matrix/GSE43022-GPL11154_series_matrix.txt.gz",2335,"d42d4a50a8cc6991051608f5dd155990","2026-09-16T14:27:38","OK"
"GSE43022","GPL6246","GSE43022-GPL6246_series_matrix.txt.gz","https://ftp.ncbi.nlm.nih.gov/geo/series/GSE43nnn/GSE43022/matrix/GSE43022-GPL6246_series_matrix.txt.gz",4212816,"5a1f7b41cfc927654664e16b5347a8dc","2026-09-16T14:27:38","OK"
"GSE43258",,"GSE43258_series_matrix.txt.gz","https://ftp.ncbi.nlm.nih.gov/geo/series/GSE43nnn/GSE43258/matrix/GSE43258_series_matrix.txt.gz",1888475,"37a75001399c95c813f879e462a5e63c","2026-09-16T14:27:39","OK"
"GSE45249",,"GSE45249_series_matrix.txt.gz","https://ftp.ncbi.nlm.nih.gov/geo/series/GSE45nnn/GSE45249/matrix/GSE45249_series_matrix.txt.gz",3390168,"bade2b61c6a053e9769cf4459d8fb14c","2026-09-16T14:27:40","OK"
"GSE46302",,"GSE46302_series_matrix.txt.gz","https://ftp.ncbi.nlm.nih.gov/geo/series/GSE46nnn/GSE46302/matrix/GSE46302_series_matrix.txt.gz",2600725,"5005531c35d3c4544484da34b86c839f","2026-09-16T14:27:41","OK"
"GSE46819",,"GSE46819_series_matrix.txt.gz","https://ftp.ncbi.nlm.nih.gov/geo/series/GSE46nnn/GSE46819/matrix/GSE46819_series_matrix.txt.gz",7417775,"e5c14a37d38d84ac8a2596deda516cb8","2026-09-16T14:27:43","OK"
"GSE48843",,"GSE48843_series_matrix.txt.gz","https://ftp.ncbi.nlm.nih.gov/geo/series/GSE48nnn/GSE48843/matrix/GSE48843_series_matrix.txt.gz",3363,"2c58821f253deaf5715a4e45161df6c8","2026-09-16T14:27:43","OK"
"GSE50928",,"GSE50928_series_matrix.txt.gz","https://ftp.ncbi.nlm.nih.gov/geo/series/GSE50nnn/GSE50928/matrix/GSE50928_series_matrix.txt.gz",2830808,"a52a285603e505bfd5184ab953fd5a1f","2026-09-16T14:27:44","OK"
"GSE51082","GPL96","GSE51082-GPL96_series_matrix.txt.gz","https://ftp.ncbi.nlm.nih.gov/geo/series/GSE51nnn/GSE51082/matrix/GSE51082-GPL96_series_matrix.txt.gz",8599174,"0b4c75f2e59e2c6ef13c28e6b38aafcb","2026-09-16T14:27:46","OK"
"GSE51082","GPL97","GSE51082-GPL97_series_matrix.txt.gz","https://ftp.ncbi.nlm.nih.gov/geo/series/GSE51nnn/GSE51082/matrix/GSE51082-GPL97_series_matrix.txt.gz",8661151,"4bc81f50cce5e73bec23727837f48d51","2026-09-16T14:27:47","OK"
"GSE54218",,"GSE54218_series_matrix.txt.gz","https://ftp.ncbi.nlm.nih.gov/geo/series/GSE54nnn/GSE54218/matrix/GSE54218_series_matrix.txt.gz",4221181,"71c3f04263385012ae315744e7281f42","2026-09-16T14:27:48","OK"
"GSE54869",,"GSE54869_series_matrix.txt.gz","https://ftp.ncbi.nlm.nih.gov/geo/series/GSE54nnn/GSE54869/matrix/GSE54869_series_matrix.txt.gz",1138119,"bc7dfd51c56949a2da653ffabe9bf07a","2026-09-16T14:27:49","OK"
"GSE54871",,"GSE54871_series_matrix.txt.gz","https://ftp.ncbi.nlm.nih.gov/geo/series/GSE54nnn/GSE54871/matrix/GSE54871_series_matrix.txt.gz",1837666,"4c9eb86678c4cb87a5d8f39c171f50d8","2026-09-16T14:27:50","OK"
"GSE54873",,"GSE54873_series_matrix.txt.gz","https://ftp.ncbi.nlm.nih.gov/geo/series/GSE54nnn/GSE54873/matrix/GSE54873_series_matrix.txt.gz",1915944,"e3ea7825f810c25cf81192e926c75eb3","2026-09-16T14:27:50","OK"
"GSE55154","GPL6104","GSE55154-GPL6104_series_matrix.txt.gz","https://ftp.ncbi.nlm.nih.gov/geo/series/GSE55nnn/GSE55154/matrix/GSE55154-GPL6104_series_matrix.txt.gz",2936706,"e7f40c7d204a72708e0a61d505984303","2026-09-16T14:27:51","OK"
"GSE55154","GPL6883","GSE55154-GPL6883_series_matrix.txt.gz","https://ftp.ncbi.nlm.nih.gov/geo/series/GSE55nnn/GSE55154/matrix/GSE55154-GPL6883_series_matrix.txt.gz",1915980,"fa053e51acf3bc86127e5318e0542f47","2026-09-16T14:27:52","OK"
"GSE55242",,"GSE55242_series_matrix.txt.gz","https://ftp.ncbi.nlm.nih.gov/geo/series/GSE55nnn/GSE55242/matrix/GSE55242_series_matrix.txt.gz",2018419,"46d45368168f96161f4ebceee1ca1de0","2026-09-16T14:27:53","OK"
"GSE55772",,"GSE55772_series_matrix.txt.gz","https://ftp.ncbi.nlm.nih.gov/geo/series/GSE55nnn/GSE55772/matrix/GSE55772_series_matrix.txt.gz",961881,"ee676797d64a78bd769d52fae48cca86","2026-09-16T14:27:54","OK"
"GSE61022","GPL1261","GSE61022-GPL1261_series_matrix.txt.gz","https://ftp.ncbi.nlm.nih.gov/geo/series/GSE61nnn/GSE61022/matrix/GSE61022-GPL1261_series_matrix.txt.gz",2242686,"42648f5c686dd8d7084ddec7cbed0236","2026-09-16T14:27:55","OK"
"GSE61022","GPL13112","GSE61022-GPL13112_series_matrix.txt.gz","https://ftp.ncbi.nlm.nih.gov/geo/series/GSE61nnn/GSE61022/matrix/GSE61022-GPL13112_series_matrix.txt.gz",3940,"b6c2ef5d283501a6d28097a70d70a0b1","2026-09-16T14:27:55","OK"
"GSE61022","GPL14761","GSE61022-GPL14761_series_matrix.txt.gz","https://ftp.ncbi.nlm.nih.gov/geo/series/GSE61nnn/GSE61022/matrix/GSE61022-GPL14761_series_matrix.txt.gz",2165,"09054f07303162f024fd3d726232ed16","2026-09-16T14:27:55","OK"
"GSE62171","GPL11154","GSE62171-GPL11154_series_matrix.txt.gz","https://ftp.ncbi.nlm.nih.gov/geo/series/GSE62nnn/GSE62171/matrix/GSE62171-GPL11154_series_matrix.txt.gz",5198,"ae1845c66f65323a24c4daaff9fadc66","2026-09-16T14:27:55","OK"
"GSE62171","GPL16791","GSE62171-GPL16791_series_matrix.txt.gz","https://ftp.ncbi.nlm.nih.gov/geo/series/GSE62nnn/GSE62171/matrix/GSE62171-GPL16791_series_matrix.txt.gz",4754,"694c8d8a79ed547f5cb3e5e531188f9d","2026-09-16T14:27:56","OK"
"GSE62533",,"GSE62533_series_matrix.txt.gz","https://ftp.ncbi.nlm.nih.gov/geo/series/GSE62nnn/GSE62533/matrix/GSE62533_series_matrix.txt.gz",3828379,"cb87e989bf4c887ccd21c602ce9878ab","2026-09-16T14:27:57","OK"
"GSE63217",,"GSE63217_series_matrix.txt.gz","https://ftp.ncbi.nlm.nih.gov/geo/series/GSE63nnn/GSE63217/matrix/GSE63217_series_matrix.txt.gz",2650,"d91de13375907b91039b9aaf889fefa4","2026-09-16T14:27:57","OK"
"GSE63222","GPL16558","GSE63222-GPL16558_series_matrix.txt.gz","https://ftp.ncbi.nlm.nih.gov/geo/series/GSE63nnn/GSE63222/matrix/GSE63222-GPL16558_series_matrix.txt.gz",2612,"ef22a141d8270f01815c465da856820e","2026-09-16T14:27:58","OK"
"GSE63222","GPL16791","GSE63222-GPL16791_series_matrix.txt.gz","https://ftp.ncbi.nlm.nih.gov/geo/series/GSE63nnn/GSE63222/matrix/GSE63222-GPL16791_series_matrix.txt.gz",2835,"e8bbc58abc068c5be3bf57e39f840796","2026-09-16T14:27:58","OK"
"GSE63222","GPL18573","GSE63222-GPL18573_series_matrix.txt.gz","https://ftp.ncbi.nlm.nih.gov/geo/series/GSE63nnn/GSE63222/matrix/GSE63222-GPL18573_series_matrix.txt.gz",5919,"31ee008cd19503daec610d93e9f36182","2026-09-16T14:27:58","OK"
"GSE63782","GPL11154","GSE63782-GPL11154_series_matrix.txt.gz","https://ftp.ncbi.nlm.nih.gov/geo/series/GSE63nnn/GSE63782/matrix/GSE63782-GPL11154_series_matrix.txt.gz",3498,"42ff9ed136f131fc2862956aff95789b","2026-09-16T14:27:59","OK"
"GSE63782","GPL13112","GSE63782-GPL13112_series_matrix.txt.gz","https://ftp.ncbi.nlm.nih.gov/geo/series/GSE63nnn/GSE63782/matrix/GSE63782-GPL13112_series_matrix.txt.gz",5316,"f88c942309bfe6136cf097832cb2268a","2026-09-16T14:27:59","OK"
"GSE63782","GPL16791","GSE63782-GPL16791_series_matrix.txt.gz","https://ftp.ncbi.nlm.nih.gov/geo/series/GSE63nnn/GSE63782/matrix/GSE63782-GPL16791_series_matrix.txt.gz",3281,"e3a19d6c54c40f030ebf077009921c05","2026-09-16T14:27:59","OK"
"GSE63782","GPL17021","GSE63782-GPL17021_series_matrix.txt.gz","https://ftp.ncbi.nlm.nih.gov/geo/series/GSE63nnn/GSE63782/matrix/GSE63782-GPL17021_series_matrix.txt.gz",3422,"183528166cc0376b605558f14f37a634","2026-09-16T14:27:59","OK"
"GSE63782","GPL18460","GSE63782-GPL18460_series_matrix.txt.gz","https://ftp.ncbi.nlm.nih.gov/geo/series/GSE63nnn/GSE63782/matrix/GSE63782-GPL18460_series_matrix.txt.gz",6322,"0147912bcf3e3323656bb7b869a03b92","2026-09-16T14:27:59","OK"
"GSE63782","GPL18480","GSE63782-GPL18480_series_matrix.txt.gz","https://ftp.ncbi.nlm.nih.gov/geo/series/GSE63nnn/GSE63782/matrix/GSE63782-GPL18480_series_matrix.txt.gz",3728,"ceafdc136559b6751457f992dfe8e444","2026-09-16T14:27:59","OK"
"GSE65012",,"GSE65012_series_matrix.txt.gz","https://ftp.ncbi.nlm.nih.gov/geo/series/GSE65nnn/GSE65012/matrix/GSE65012_series_matrix.txt.gz",1991520,"e68f838ba9df6b35aa236612d8f8f12a","2026-09-16T14:28:00","OK"
"GSE65014",,"GSE65014_series_matrix.txt.gz","https://ftp.ncbi.nlm.nih.gov/geo/series/GSE65nnn/GSE65014/matrix/GSE65014_series_matrix.txt.gz",2017374,"62caf799a29f6885ad4fdd686f0fd152","2026-09-16T14:28:01","OK"
"GSE65015",,"GSE65015_series_matrix.txt.gz","https://ftp.ncbi.nlm.nih.gov/geo/series/GSE65nnn/GSE65015/matrix/GSE65015_series_matrix.txt.gz",2011329,"24bed222c97fc7a10b1a952366b3ec8d","2026-09-16T14:28:02","OK"
"GSE65019",,"GSE65019_series_matrix.txt.gz","https://ftp.ncbi.nlm.nih.gov/geo/series/GSE65nnn/GSE65019/matrix/GSE65019_series_matrix.txt.gz",1992513,"e513d8760237a02d93b4388a55ea3979","2026-09-16T14:28:03","OK"
"GSE65030",,"GSE65030_series_matrix.txt.gz","https://ftp.ncbi.nlm.nih.gov/geo/series/GSE65nnn/GSE65030/matrix/GSE65030_series_matrix.txt.gz",2487,"7ae99f3214f5c2718819dc017c035b0c","2026-09-16T14:28:04","OK"
"GSE65105",,"GSE65105_series_matrix.txt.gz","https://ftp.ncbi.nlm.nih.gov/geo/series/GSE65nnn/GSE65105/matrix/GSE65105_series_matrix.txt.gz",2269,"f6c5e7813d2bd3d43c3ca2461e93bc2a","2026-09-16T14:28:04","OK"
"GSE65161","GPL11154","GSE65161-GPL11154_series_matrix.txt.gz","https://ftp.ncbi.nlm.nih.gov/geo/series/GSE65nnn/GSE65161/matrix/GSE65161-GPL11154_series_matrix.txt.gz",3169,"15f01fe231f1d508962f35771168a50f","2026-09-16T14:28:05","OK"
"GSE65161","GPL16791","GSE65161-GPL16791_series_matrix.txt.gz","https://ftp.ncbi.nlm.nih.gov/geo/series/GSE65nnn/GSE65161/matrix/GSE65161-GPL16791_series_matrix.txt.gz",5128,"7b0d1d6340c3feacc80ad9f84e96821e","2026-09-16T14:28:05","OK"
"GSE65161","GPL17301","GSE65161-GPL17301_series_matrix.txt.gz","https://ftp.ncbi.nlm.nih.gov/geo/series/GSE65nnn/GSE65161/matrix/GSE65161-GPL17301_series_matrix.txt.gz",2988,"04db6b150d33a354fa52df78ecd9a808","2026-09-16T14:28:05","OK"
"GSE65161","GPL18573","GSE65161-GPL18573_series_matrix.txt.gz","https://ftp.ncbi.nlm.nih.gov/geo/series/GSE65nnn/GSE65161/matrix/GSE65161-GPL18573_series_matrix.txt.gz",4796,"28805ec40d2a472098814297742f6184","2026-09-16T14:28:05","OK"
"GSE65161","GPL570","GSE65161-GPL570_series_matrix.txt.gz","https://ftp.ncbi.nlm.nih.gov/geo/series/GSE65nnn/GSE65161/matrix/GSE65161-GPL570_series_matrix.txt.gz",7395043,"bcff9b98ab0b0b8e7cfca640ef1332f6","2026-09-16T14:28:06","OK"
"GSE68091",,"GSE68091_series_matrix.txt.gz","https://ftp.ncbi.nlm.nih.gov/geo/series/GSE68nnn/GSE68091/matrix/GSE68091_series_matrix.txt.gz",6214543,"33c3dcc0409d69803b64cc88a99bd690","2026-09-16T14:28:07","OK"
"GSE68623",,"GSE68623_series_matrix.txt.gz","https://ftp.ncbi.nlm.nih.gov/geo/series/GSE68nnn/GSE68623/matrix/GSE68623_series_matrix.txt.gz",3370,"7bedfe022c1f63e8e3487d395f5b1ecf","2026-09-16T14:28:08","OK"
"GSE68954","GPL571","GSE68954-GPL571_series_matrix.txt.gz","https://ftp.ncbi.nlm.nih.gov/geo/series/GSE68nnn/GSE68954/matrix/GSE68954-GPL571_series_matrix.txt.gz",2599,"1c3e0414be21afc5a936267cd1881a6f","2026-09-16T14:28:08","OK"
"GSE68954","GPL96","GSE68954-GPL96_series_matrix.txt.gz","https://ftp.ncbi.nlm.nih.gov/geo/series/GSE68nnn/GSE68954/matrix/GSE68954-GPL96_series_matrix.txt.gz",3398,"6d5b2d65cdf708fb57297600becaf388","2026-09-16T14:28:09","OK"
"GSE69383",,"GSE69383_series_matrix.txt.gz","https://ftp.ncbi.nlm.nih.gov/geo/series/GSE69nnn/GSE69383/matrix/GSE69383_series_matrix.txt.gz",3589,"6b21b2d6527604d392df8c8a3dd2983b","2026-09-16T14:28:09","OK"
"GSE70791",,"GSE70791_series_matrix.txt.gz","https://ftp.ncbi.nlm.nih.gov/geo/series/GSE70nnn/GSE70791/matrix/GSE70791_series_matrix.txt.gz",1614144,"abda0b2465cb0c3cad3c20e58bf6bb2c","2026-09-16T14:28:10","OK"
"GSE71414",,"GSE71414_series_matrix.txt.gz","https://ftp.ncbi.nlm.nih.gov/geo/series/GSE71nnn/GSE71414/matrix/GSE71414_series_matrix.txt.gz",3925,"01be6bbc08e8bf423a903c414964778a","2026-09-16T14:28:11","OK"
"GSE71740",,"GSE71740_series_matrix.txt.gz","https://ftp.ncbi.nlm.nih.gov/geo/series/GSE71nnn/GSE71740/matrix/GSE71740_series_matrix.txt.gz",3289,"e4e90892e78cd092a884e0d1c306518a","2026-09-16T14:28:11","OK"
"GSE71741",,"GSE71741_series_matrix.txt.gz","https://ftp.ncbi.nlm.nih.gov/geo/series/GSE71nnn/GSE71741/matrix/GSE71741_series_matrix.txt.gz",4838,"0628df440ce98b6da3462d9bb8da5189","2026-09-16T14:28:12","OK"
"GSE72152",,"GSE72152_series_matrix.txt.gz","https://ftp.ncbi.nlm.nih.gov/geo/series/GSE72nnn/GSE72152/matrix/GSE72152_series_matrix.txt.gz",1324853,"43a0a0c560d8321cbe3541d13a17e601","2026-09-16T14:28:13","OK"
"GSE72253","GPL11154","GSE72253-GPL11154_series_matrix.txt.gz","https://ftp.ncbi.nlm.nih.gov/geo/series/GSE72nnn/GSE72253/matrix/GSE72253-GPL11154_series_matrix.txt.gz",3218,"ee074e5e42859ab83075d41ab2b6ce48","2026-09-16T14:28:13","OK"
"GSE72253","GPL16686","GSE72253-GPL16686_series_matrix.txt.gz","https://ftp.ncbi.nlm.nih.gov/geo/series/GSE72nnn/GSE72253/matrix/GSE72253-GPL16686_series_matrix.txt.gz",1324223,"a65700f7ecc5536f25b7350bfefd77a1","2026-09-16T14:28:14","OK"
"GSE74928",,"GSE74928_series_matrix.txt.gz","https://ftp.ncbi.nlm.nih.gov/geo/series/GSE74nnn/GSE74928/matrix/GSE74928_series_matrix.txt.gz",2650,"ce3a7e8bce81ed5cc52658c771c478de","2026-09-16T14:28:14","OK"
"GSE76747",,"GSE76747_series_matrix.txt.gz","https://ftp.ncbi.nlm.nih.gov/geo/series/GSE76nnn/GSE76747/matrix/GSE76747_series_matrix.txt.gz",2204,"10c12d2818f0351cf10812bb544dbb68","2026-09-16T14:28:15","OK"
"GSE76750","GPL11154","GSE76750-GPL11154_series_matrix.txt.gz","https://ftp.ncbi.nlm.nih.gov/geo/series/GSE76nnn/GSE76750/matrix/GSE76750-GPL11154_series_matrix.txt.gz",2828,"ff23ae42d425fc03a621284fa1d2473b","2026-09-16T14:28:16","OK"
"GSE76750","GPL13112","GSE76750-GPL13112_series_matrix.txt.gz","https://ftp.ncbi.nlm.nih.gov/geo/series/GSE76nnn/GSE76750/matrix/GSE76750-GPL13112_series_matrix.txt.gz",3469,"341aebbec30af4eb8ed4d7d98cf09735","2026-09-16T14:28:16","OK"
"GSE78734",,"GSE78734_series_matrix.txt.gz","https://ftp.ncbi.nlm.nih.gov/geo/series/GSE78nnn/GSE78734/matrix/GSE78734_series_matrix.txt.gz",1666167,"abb9405145b9ad602a471e433e16a1f9","2026-09-16T14:28:17","OK"
"GSE79284","GPL11154","GSE79284-GPL11154_series_matrix.txt.gz","https://ftp.ncbi.nlm.nih.gov/geo/series/GSE79nnn/GSE79284/matrix/GSE79284-GPL11154_series_matrix.txt.gz",3248,"feca804293d217c92c04d700604da9e8","2026-09-16T14:28:17","OK"
"GSE79284","GPL13112","GSE79284-GPL13112_series_matrix.txt.gz","https://ftp.ncbi.nlm.nih.gov/geo/series/GSE79nnn/GSE79284/matrix/GSE79284-GPL13112_series_matrix.txt.gz",3838,"f26bf5020a2d4752941203b323d4130f","2026-09-16T14:28:17","OK"
"GSE79391","GPL11154","GSE79391-GPL11154_series_matrix.txt.gz","https://ftp.ncbi.nlm.nih.gov/geo/series/GSE79nnn/GSE79391/matrix/GSE79391-GPL11154_series_matrix.txt.gz",3741,"10c16073b9713e9bd665eff88eaad639","2026-09-16T14:28:18","OK"
"GSE79391","GPL13112","GSE79391-GPL13112_series_matrix.txt.gz","https://ftp.ncbi.nlm.nih.gov/geo/series/GSE79nnn/GSE79391/matrix/GSE79391-GPL13112_series_matrix.txt.gz",4610,"9aaedfcda937c892e10125f7113f4e0d","2026-09-16T14:28:18","OK"
"GSE80774","GPL11154","GSE80774-GPL11154_series_matrix.txt.gz","https://ftp.ncbi.nlm.nih.gov/geo/series/GSE80nnn/GSE80774/matrix/GSE80774-GPL11154_series_matrix.txt.gz",3000,"5250d041d57461cf6b3c4a421e8d5e72","2026-09-16T14:28:19","OK"
"GSE80774","GPL18573","GSE80774-GPL18573_series_matrix.txt.gz","https://ftp.ncbi.nlm.nih.gov/geo/series/GSE80nnn/GSE80774/matrix/GSE80774-GPL18573_series_matrix.txt.gz",4218,"3010e909b3e5c41541994f8f20d84efe","2026-09-16T14:28:19","OK"
"GSE81060",,"GSE81060_series_matrix.txt.gz","https://ftp.ncbi.nlm.nih.gov/geo/series/GSE81nnn/GSE81060/matrix/GSE81060_series_matrix.txt.gz",1521504,"9a6d8e9ab31816d3ef9c5c7acc049351","2026-09-16T14:28:20","OK"
"GSE82057",,"GSE82057_series_matrix.txt.gz","https://ftp.ncbi.nlm.nih.gov/geo/series/GSE82nnn/GSE82057/matrix/GSE82057_series_matrix.txt.gz",1605912,"f3c0f40122eee7397093e2b46d7a7b5b","2026-09-16T14:28:21","OK"
"GSE82117",,"GSE82117_series_matrix.txt.gz","https://ftp.ncbi.nlm.nih.gov/geo/series/GSE82nnn/GSE82117/matrix/GSE82117_series_matrix.txt.gz",3553,"45da8d2ac05ee002fc2294d3ab21087e","2026-09-16T14:28:21","OK"
"GSE82118",,"GSE82118_series_matrix.txt.gz","https://ftp.ncbi.nlm.nih.gov/geo/series/GSE82nnn/GSE82118/matrix/GSE82118_series_matrix.txt.gz",5062,"0af3d456ae0811f3218a71e5672388e6","2026-09-16T14:28:22","OK"
"GSE82235",,"GSE82235_series_matrix.txt.gz","https://ftp.ncbi.nlm.nih.gov/geo/series/GSE82nnn/GSE82235/matrix/GSE82235_series_matrix.txt.gz",1071728,"a0bcca7b478ab274112473b926ce5fd5","2026-09-16T14:28:23","OK"
"GSE83485",,"GSE83485_series_matrix.txt.gz","https://ftp.ncbi.nlm.nih.gov/geo/series/GSE83nnn/GSE83485/matrix/GSE83485_series_matrix.txt.gz",1707087,"4f935441793ead063a4b6820185f4e38","2026-09-16T14:28:24","OK"
"GSE83660","GPL11154","GSE83660-GPL11154_series_matrix.txt.gz","https://ftp.ncbi.nlm.nih.gov/geo/series/GSE83nnn/GSE83660/matrix/GSE83660-GPL11154_series_matrix.txt.gz",4403,"2b831facbdcf81e17478b65587c56b9e","2026-09-16T14:28:24","OK"
"GSE83660","GPL18573","GSE83660-GPL18573_series_matrix.txt.gz","https://ftp.ncbi.nlm.nih.gov/geo/series/GSE83nnn/GSE83660/matrix/GSE83660-GPL18573_series_matrix.txt.gz",3301,"bf18f2199f4e339239f1552cb94f7134","2026-09-16T14:28:24","OK"
"GSE83671","GPL11154","GSE83671-GPL11154_series_matrix.txt.gz","https://ftp.ncbi.nlm.nih.gov/geo/series/GSE83nnn/GSE83671/matrix/GSE83671-GPL11154_series_matrix.txt.gz",3507,"26807bda59608e9d73cb89043af1cf12","2026-09-16T14:28:25","OK"
"GSE83671","GPL16791","GSE83671-GPL16791_series_matrix.txt.gz","https://ftp.ncbi.nlm.nih.gov/geo/series/GSE83nnn/GSE83671/matrix/GSE83671-GPL16791_series_matrix.txt.gz",3641,"3a58e4183f5a5a8e068e9330a4bafa03","2026-09-16T14:28:25","OK"
"GSE83671","GPL18573","GSE83671-GPL18573_series_matrix.txt.gz","https://ftp.ncbi.nlm.nih.gov/geo/series/GSE83nnn/GSE83671/matrix/GSE83671-GPL18573_series_matrix.txt.gz",4209,"7c74d924f48308b2a65ea52da0f20003","2026-09-16T14:28:25","OK"
"GSE83983",,"GSE83983_series_matrix.txt.gz","https://ftp.ncbi.nlm.nih.gov/geo/series/GSE83nnn/GSE83983/matrix/GSE83983_series_matrix.txt.gz",10901352,"ca9cc92fa230fcc773c549f37e8492d6","2026-09-16T14:28:27","OK"
"GSE84440",,"GSE84440_series_matrix.txt.gz","https://ftp.ncbi.nlm.nih.gov/geo/series/GSE84nnn/GSE84440/matrix/GSE84440_series_matrix.txt.gz",1295671,"ce2469add1cfc5cab220437ad06284e6","2026-09-16T14:28:28","OK"
"GSE85107",,"GSE85107_series_matrix.txt.gz","https://ftp.ncbi.nlm.nih.gov/geo/series/GSE85nnn/GSE85107/matrix/GSE85107_series_matrix.txt.gz",2860,"dd60d9b17e819f85aa2ebc37e811d674","2026-09-16T14:28:28","OK"
"GSE85840",,"GSE85840_series_matrix.txt.gz","https://ftp.ncbi.nlm.nih.gov/geo/series/GSE85nnn/GSE85840/matrix/GSE85840_series_matrix.txt.gz",3135,"a8bb141d5b64c327ce30f5458783545a","2026-09-16T14:28:29","OK"
"GSE86021","GPL18460","GSE86021-GPL18460_series_matrix.txt.gz","https://ftp.ncbi.nlm.nih.gov/geo/series/GSE86nnn/GSE86021/matrix/GSE86021-GPL18460_series_matrix.txt.gz",3026,"39ae161c0be86f073e2bbad281e7eed6","2026-09-16T14:28:30","OK"
"GSE86021","GPL18480","GSE86021-GPL18480_series_matrix.txt.gz","https://ftp.ncbi.nlm.nih.gov/geo/series/GSE86nnn/GSE86021/matrix/GSE86021-GPL18480_series_matrix.txt.gz",3255,"131bad69b9d473b4873935371a3ac5c3","2026-09-16T14:28:30","OK"
"GSE86151",,"GSE86151_series_matrix.txt.gz","https://ftp.ncbi.nlm.nih.gov/geo/series/GSE86nnn/GSE86151/matrix/GSE86151_series_matrix.txt.gz",3832,"d9d74309e9c6c094d906d186ce325c2c","2026-09-16T14:28:30","OK"
"GSE86445",,"GSE86445_series_matrix.txt.gz","https://ftp.ncbi.nlm.nih.gov/geo/series/GSE86nnn/GSE86445/matrix/GSE86445_series_matrix.txt.gz",1223921,"14d5a5366fcf17f598b24b97f8588a66","2026-09-16T14:28:31","OK"
"GSE87580",,"GSE87580_series_matrix.txt.gz","https://ftp.ncbi.nlm.nih.gov/geo/series/GSE87nnn/GSE87580/matrix/GSE87580_series_matrix.txt.gz",2111436,"37e395c33367cca82db5e18e1e1b5d05","2026-09-16T14:28:32","OK"
"GSE89521",,"GSE89521_series_matrix.txt.gz","https://ftp.ncbi.nlm.nih.gov/geo/series/GSE89nnn/GSE89521/matrix/GSE89521_series_matrix.txt.gz",3705,"4de20bdd3bc3401ce75d3bf657386a5d","2026-09-16T14:28:33","OK"
"GSE89637",,"GSE89637_series_matrix.txt.gz","https://ftp.ncbi.nlm.nih.gov/geo/series/GSE89nnn/GSE89637/matrix/GSE89637_series_matrix.txt.gz",1473917,"582d1364b0af99e31968b7a0faaa2fbf","2026-09-16T14:28:34","OK"
"GSE93877",,"GSE93877_series_matrix.txt.gz","https://ftp.ncbi.nlm.nih.gov/geo/series/GSE93nnn/GSE93877/matrix/GSE93877_series_matrix.txt.gz",2140,"c8ec782b4e0e5f04a1c3a7adde05f637","2026-09-16T14:28:34","OK"
"GSE94453",,"GSE94453_series_matrix.txt.gz","https://ftp.ncbi.nlm.nih.gov/geo/series/GSE94nnn/GSE94453/matrix/GSE94453_series_matrix.txt.gz",2533,"563320ab1ba55acc7d40865b7ac1d609","2026-09-16T14:28:35","OK"
"GSE94461",,"GSE94461_series_matrix.txt.gz","https://ftp.ncbi.nlm.nih.gov/geo/series/GSE94nnn/GSE94461/matrix/GSE94461_series_matrix.txt.gz",2842,"c665a21125e229b2c39be2a227a9d916","2026-09-16T14:28:36","OK"
"GSE94567",,"GSE94567_series_matrix.txt.gz","https://ftp.ncbi.nlm.nih.gov/geo/series/GSE94nnn/GSE94567/matrix/GSE94567_series_matrix.txt.gz",4117059,"fe37476e11fb6f74648bbb0008a503c6","2026-09-16T14:28:37","OK"
"GSE94835",,"GSE94835_series_matrix.txt.gz","https://ftp.ncbi.nlm.nih.gov/geo/series/GSE94nnn/GSE94835/matrix/GSE94835_series_matrix.txt.gz",2067064,"6940b97e87669c1ad44bfe9e1db6991c","2026-09-16T14:28:38","OK"
"GSE94849",,"GSE94849_series_matrix.txt.gz","https://ftp.ncbi.nlm.nih.gov/geo/series/GSE94nnn/GSE94849/matrix/GSE94849_series_matrix.txt.gz",4479,"c9a76b70367db1d79674cef9d60132a5","2026-09-16T14:28:38","OK"
"GSE97331",,"GSE97331_series_matrix.txt.gz","https://ftp.ncbi.nlm.nih.gov/geo/series/GSE97nnn/GSE97331/matrix/GSE97331_series_matrix.txt.gz",10723166,"9af38d0ba0fd05cc9ccbef86aa818ade","2026-09-16T14:28:40","OK"
"GSE97631",,"GSE97631_series_matrix.txt.gz","https://ftp.ncbi.nlm.nih.gov/geo/series/GSE97nnn/GSE97631/matrix/GSE97631_series_matrix.txt.gz",788197,"b704ff1bfa13d189fdd3392da9428b3a","2026-09-16T14:28:41","OK"
"GSE97707",,"GSE97707_series_matrix.txt.gz","https://ftp.ncbi.nlm.nih.gov/geo/series/GSE97nnn/GSE97707/matrix/GSE97707_series_matrix.txt.gz",2249545,"2c03282ea641846f0d3e27973f4d0e01","2026-09-16T14:28:42","OK"
"GSE99255",,"GSE99255_series_matrix.txt.gz","https://ftp.ncbi.nlm.nih.gov/geo/series/GSE99nnn/GSE99255/matrix/GSE99255_series_matrix.txt.gz",3329,"b6ca43abaa32304234d2d5a6b53f6f06","2026-09-16T14:28:42","OK"
"GSE100446",,"GSE100446_series_matrix.txt.gz","https://ftp.ncbi.nlm.nih.gov/geo/series/GSE100nnn/GSE100446/matrix/GSE100446_series_matrix.txt.gz",4859,"8bfc430c58d63eac72ae47b6d003d349","2026-09-16T14:28:43","OK"
"GSE100572",,"GSE100572_series_matrix.txt.gz","https://ftp.ncbi.nlm.nih.gov/geo/series/GSE100nnn/GSE100572/matrix/GSE100572_series_matrix.txt.gz",2228,"9f2116deb2471fc593e0d7f6536ed13e","2026-09-16T14:28:44","OK"
"GSE100573",,"GSE100573_series_matrix.txt.gz","https://ftp.ncbi.nlm.nih.gov/geo/series/GSE100nnn/GSE100573/matrix/GSE100573_series_matrix.txt.gz",4188,"027000d2c5f3d8b47e500aecf2a14be7","2026-09-16T14:28:44","OK"
"GSE100671",,"GSE100671_series_matrix.txt.gz","https://ftp.ncbi.nlm.nih.gov/geo/series/GSE100nnn/GSE100671/matrix/GSE100671_series_matrix.txt.gz",5904273,"2b9cf8d4a857f536a343f9c5de1e9b17","2026-09-16T14:28:45","OK"
"GSE100694",,"GSE100694_series_matrix.txt.gz","https://ftp.ncbi.nlm.nih.gov/geo/series/GSE100nnn/GSE100694/matrix/GSE100694_series_matrix.txt.gz",4957,"4a82e7c13b264f11c484aaed9f277fbd","2026-09-16T14:28:46","OK"
"GSE100708","GPL16791","GSE100708-GPL16791_series_matrix.txt.gz","https://ftp.ncbi.nlm.nih.gov/geo/series/GSE100nnn/GSE100708/matrix/GSE100708-GPL16791_series_matrix.txt.gz",6493,"ce20745059412c7536a097a51e33d08f","2026-09-16T14:28:47","OK"
"GSE100708","GPL18460","GSE100708-GPL18460_series_matrix.txt.gz","https://ftp.ncbi.nlm.nih.gov/geo/series/GSE100nnn/GSE100708/matrix/GSE100708-GPL18460_series_matrix.txt.gz",4495,"b1c0a707d21891c6b061243ae7de173f","2026-09-16T14:28:47","OK"
"GSE101380",,"GSE101380_series_matrix.txt.gz","https://ftp.ncbi.nlm.nih.gov/geo/series/GSE101nnn/GSE101380/matrix/GSE101380_series_matrix.txt.gz",1058804,"e65691d3c901b4028ff9810725924ee0","2026-09-16T14:28:48","OK"
"GSE101449",,"GSE101449_series_matrix.txt.gz","https://ftp.ncbi.nlm.nih.gov/geo/series/GSE101nnn/GSE101449/matrix/GSE101449_series_matrix.txt.gz",1259199,"0c3fb53ac5e6e21306f7022311f3967b","2026-09-16T14:28:48","OK"
"GSE101480",,"GSE101480_series_matrix.txt.gz","https://ftp.ncbi.nlm.nih.gov/geo/series/GSE101nnn/GSE101480/matrix/GSE101480_series_matrix.txt.gz",2488,"53a4879ddcf104c359b8cc55821c8bb9","2026-09-16T14:28:49","OK"
"GSE101757",,"GSE101757_series_matrix.txt.gz","https://ftp.ncbi.nlm.nih.gov/geo/series/GSE101nnn/GSE101757/matrix/GSE101757_series_matrix.txt.gz",3285,"b8fe30e8a035c45c60d9e4dbfa38f3ab","2026-09-16T14:28:50","OK"
"GSE101784",,"GSE101784_series_matrix.txt.gz","https://ftp.ncbi.nlm.nih.gov/geo/series/GSE101nnn/GSE101784/matrix/GSE101784_series_matrix.txt.gz",1022662,"f6d55a11ef423c51857483c7e6ca9d8a","2026-09-16T14:28:51","OK"
"GSE101788",,"GSE101788_series_matrix.txt.gz","https://ftp.ncbi.nlm.nih.gov/geo/series/GSE101nnn/GSE101788/matrix/GSE101788_series_matrix.txt.gz",2318,"2731475ebd61db9b25cac8d94cd83156","2026-09-16T14:28:51","OK"
"GSE101791","GPL11154","GSE101791-GPL11154_series_matrix.txt.gz","https://ftp.ncbi.nlm.nih.gov/geo/series/GSE101nnn/GSE101791/matrix/GSE101791-GPL11154_series_matrix.txt.gz",2938,"6d88f7d9b1ffc94ae906c8033498b9bc","2026-09-16T14:28:52","OK"
"GSE101791","GPL20301","GSE101791-GPL20301_series_matrix.txt.gz","https://ftp.ncbi.nlm.nih.gov/geo/series/GSE101nnn/GSE101791/matrix/GSE101791-GPL20301_series_matrix.txt.gz",3429,"8d84bd0c216cd76cb4b45075bb6d0801","2026-09-16T14:28:52","OK"
"GSE101821","GPL18460","GSE101821-GPL18460_series_matrix.txt.gz","https://ftp.ncbi.nlm.nih.gov/geo/series/GSE101nnn/GSE101821/matrix/GSE101821-GPL18460_series_matrix.txt.gz",10039,"dd1b0e4a300a3bed3e7c155adcf7a462","2026-09-16T14:28:52","OK"
"GSE101821","GPL18573","GSE101821-GPL18573_series_matrix.txt.gz","https://ftp.ncbi.nlm.nih.gov/geo/series/GSE101nnn/GSE101821/matrix/GSE101821-GPL18573_series_matrix.txt.gz",4566,"c5488bac169e33957c8b82b7b4a4436d","2026-09-16T14:28:53","OK"
"GSE102243","GPL11154","GSE102243-GPL11154_series_matrix.txt.gz","https://ftp.ncbi.nlm.nih.gov/geo/series/GSE102nnn/GSE102243/matrix/GSE102243-GPL11154_series_matrix.txt.gz",4325,"09de9e210c6ff05fdcdb6a5d0fa1175e","2026-09-16T14:28:53","OK"
"GSE102243","GPL18573","GSE102243-GPL18573_series_matrix.txt.gz","https://ftp.ncbi.nlm.nih.gov/geo/series/GSE102nnn/GSE102243/matrix/GSE102243-GPL18573_series_matrix.txt.gz",4227,"2ceb494a051783c3c07ac66936537dee","2026-09-16T14:28:53","OK"
"GSE102730",,"GSE102730_series_matrix.txt.gz","https://ftp.ncbi.nlm.nih.gov/geo/series/GSE102nnn/GSE102730/matrix/GSE102730_series_matrix.txt.gz",4770,"e93fe38f444465cc24a1a18829e0d708","2026-09-16T14:28:54","OK"
"GSE103068",,"GSE103068_series_matrix.txt.gz","https://ftp.ncbi.nlm.nih.gov/geo/series/GSE103nnn/GSE103068/matrix/GSE103068_series_matrix.txt.gz",4444,"dc61d3a3626ab8e34bf422ad36501a47","2026-09-16T14:28:54","OK"
"GSE103223",,"GSE103223_series_matrix.txt.gz","https://ftp.ncbi.nlm.nih.gov/geo/series/GSE103nnn/GSE103223/matrix/GSE103223_series_matrix.txt.gz",634453,"9489b3b967cd069099489b21819bca45","2026-09-16T14:28:55","OK"
"GSE103495",,"GSE103495_series_matrix.txt.gz","https://ftp.ncbi.nlm.nih.gov/geo/series/GSE103nnn/GSE103495/matrix/GSE103495_series_matrix.txt.gz",2061,"f3e5ae35d56adad042b9a7edc5a06be6","2026-09-16T14:28:56","OK"
"GSE103497","GPL15433","GSE103497-GPL15433_series_matrix.txt.gz","https://ftp.ncbi.nlm.nih.gov/geo/series/GSE103nnn/GSE103497/matrix/GSE103497-GPL15433_series_matrix.txt.gz",2067,"1b9705fe3ebc15776591f958b7d0ecd5","2026-09-16T14:28:57","OK"
"GSE103497","GPL16791","GSE103497-GPL16791_series_matrix.txt.gz","https://ftp.ncbi.nlm.nih.gov/geo/series/GSE103nnn/GSE103497/matrix/GSE103497-GPL16791_series_matrix.txt.gz",1872,"8b89e4af91fe45d062203f9fa6ae5ae7","2026-09-16T14:28:57","OK"
"GSE103510",,"GSE103510_series_matrix.txt.gz","https://ftp.ncbi.nlm.nih.gov/geo/series/GSE103nnn/GSE103510/matrix/GSE103510_series_matrix.txt.gz",3235,"5467ae9b2985c1b7768f6b2df89e3b7f","2026-09-16T14:28:58","OK"
"GSE105161",,"GSE105161_series_matrix.txt.gz","https://ftp.ncbi.nlm.nih.gov/geo/series/GSE105nnn/GSE105161/matrix/GSE105161_series_matrix.txt.gz",2814,"66bb7bd1f4958cdd7d1cba4cf48ec598","2026-09-16T14:28:58","OK"
"GSE106579",,"GSE106579_series_matrix.txt.gz","https://ftp.ncbi.nlm.nih.gov/geo/series/GSE106nnn/GSE106579/matrix/GSE106579_series_matrix.txt.gz",3164,"2165576c2e0dceefd4be112066f05e83","2026-09-16T14:28:59","OK"
"GSE107071",,"GSE107071_series_matrix.txt.gz","https://ftp.ncbi.nlm.nih.gov/geo/series/GSE107nnn/GSE107071/matrix/GSE107071_series_matrix.txt.gz",2332,"d15ccc99a46ba33fc9ba05514c9994e9","2026-09-16T14:28:59","OK"
"GSE107073",,"GSE107073_series_matrix.txt.gz","https://ftp.ncbi.nlm.nih.gov/geo/series/GSE107nnn/GSE107073/matrix/GSE107073_series_matrix.txt.gz",3640,"168dcc4e6682c4c68afd53667205f22e","2026-09-16T14:29:00","OK"
"GSE109491",,"GSE109491_series_matrix.txt.gz","https://ftp.ncbi.nlm.nih.gov/geo/series/GSE109nnn/GSE109491/matrix/GSE109491_series_matrix.txt.gz",2274,"23e7377822d72157ce07f567652dd98f","2026-09-16T14:29:01","OK"
"GSE109493",,"GSE109493_series_matrix.txt.gz","https://ftp.ncbi.nlm.nih.gov/geo/series/GSE109nnn/GSE109493/matrix/GSE109493_series_matrix.txt.gz",3727,"77c7059409808e46bcec4a843d594676","2026-09-16T14:29:01","OK"
"GSE109985",,"GSE109985_series_matrix.txt.gz","https://ftp.ncbi.nlm.nih.gov/geo/series/GSE109nnn/GSE109985/matrix/GSE109985_series_matrix.txt.gz",3040,"cd8ee76dd67622fb9c95f4fb4391b3bf","2026-09-16T14:29:02","OK"
"GSE109986",,"GSE109986_series_matrix.txt.gz","https://ftp.ncbi.nlm.nih.gov/geo/series/GSE109nnn/GSE109986/matrix/GSE109986_series_matrix.txt.gz",2911,"e363a3d3c337cd7e7f5eadb8828b50da","2026-09-16T14:29:02","OK"
"GSE109987","GPL11154","GSE109987-GPL11154_series_matrix.txt.gz","https://ftp.ncbi.nlm.nih.gov/geo/series/GSE109nnn/GSE109987/matrix/GSE109987-GPL11154_series_matrix.txt.gz",2137,"88186f89ee7a330c09d81a45184bed57","2026-09-16T14:29:03","OK"
"GSE109987","GPL18573","GSE109987-GPL18573_series_matrix.txt.gz","https://ftp.ncbi.nlm.nih.gov/geo/series/GSE109nnn/GSE109987/matrix/GSE109987-GPL18573_series_matrix.txt.gz",2037,"ad94c29c9823113d3c938bb48ca39a43","2026-09-16T14:29:03","OK"
"GSE111178",,"GSE111178_series_matrix.txt.gz","https://ftp.ncbi.nlm.nih.gov/geo/series/GSE111nnn/GSE111178/matrix/GSE111178_series_matrix.txt.gz",4199,"ca8f9c2c2c09c376391481455906f69d","2026-09-16T14:29:04","OK"
"GSE111180",,"GSE111180_series_matrix.txt.gz","https://ftp.ncbi.nlm.nih.gov/geo/series/GSE111nnn/GSE111180/matrix/GSE111180_series_matrix.txt.gz",7044,"cda10ac946734d58eb13eb92dac7e7cf","2026-09-16T14:29:05","OK"
"GSE111463","GPL16791","GSE111463-GPL16791_series_matrix.txt.gz","https://ftp.ncbi.nlm.nih.gov/geo/series/GSE111nnn/GSE111463/matrix/GSE111463-GPL16791_series_matrix.txt.gz",7916,"79336c04a5c627a30873fac93e4a33b8","2026-09-16T14:29:05","OK"
"GSE111463","GPL18460","GSE111463-GPL18460_series_matrix.txt.gz","https://ftp.ncbi.nlm.nih.gov/geo/series/GSE111nnn/GSE111463/matrix/GSE111463-GPL18460_series_matrix.txt.gz",3889,"d90d529d67e8a2f85e84bd97f397eb26","2026-09-16T14:29:05","OK"
"GSE111949",,"GSE111949_series_matrix.txt.gz","https://ftp.ncbi.nlm.nih.gov/geo/series/GSE111nnn/GSE111949/matrix/GSE111949_series_matrix.txt.gz",2527,"7e6f9f83742e1d457098eba54c9e58fb","2026-09-16T14:29:06","OK"
"GSE113041",,"GSE113041_series_matrix.txt.gz","https://ftp.ncbi.nlm.nih.gov/geo/series/GSE113nnn/GSE113041/matrix/GSE113041_series_matrix.txt.gz",4777,"88bca6b0764e08e88387657f08281332","2026-09-16T14:29:07","OK"
"GSE113042",,"GSE113042_series_matrix.txt.gz","https://ftp.ncbi.nlm.nih.gov/geo/series/GSE113nnn/GSE113042/matrix/GSE113042_series_matrix.txt.gz",7951,"32e287c6ef1aa6746b82ebe824cd6c7e","2026-09-16T14:29:07","OK"
"GSE114320",,"GSE114320_series_matrix.txt.gz","https://ftp.ncbi.nlm.nih.gov/geo/series/GSE114nnn/GSE114320/matrix/GSE114320_series_matrix.txt.gz",2710,"32a9ca0ae9f68b445ed89586a7459690","2026-09-16T14:29:08","OK"
"GSE114558",,"GSE114558_series_matrix.txt.gz","https://ftp.ncbi.nlm.nih.gov/geo/series/GSE114nnn/GSE114558/matrix/GSE114558_series_matrix.txt.gz",8464,"1109094151a904b6f9210fc03a38b748","2026-09-16T14:29:09","OK"
"GSE115121",,"GSE115121_series_matrix.txt.gz","https://ftp.ncbi.nlm.nih.gov/geo/series/GSE115nnn/GSE115121/matrix/GSE115121_series_matrix.txt.gz",2743,"8cb07cc99a32ac118e3368901fa3c341","2026-09-16T14:29:09","OK"
"GSE116187",,"GSE116187_series_matrix.txt.gz","https://ftp.ncbi.nlm.nih.gov/geo/series/GSE116nnn/GSE116187/matrix/GSE116187_series_matrix.txt.gz",2475,"633df812362538b93b7a09d33ceacd89","2026-09-16T14:29:10","OK"
"GSE116432",,"GSE116432_series_matrix.txt.gz","https://ftp.ncbi.nlm.nih.gov/geo/series/GSE116nnn/GSE116432/matrix/GSE116432_series_matrix.txt.gz",3829,"11c1c4bc60ec07cd133ab745325cf501","2026-09-16T14:29:10","OK"
"GSE117865","GPL16791","GSE117865-GPL16791_series_matrix.txt.gz","https://ftp.ncbi.nlm.nih.gov/geo/series/GSE117nnn/GSE117865/matrix/GSE117865-GPL16791_series_matrix.txt.gz",2624,"1ea021da7f8a3cd5fd2e8f7161250244","2026-09-16T14:29:11","OK"
"GSE117865","GPL18573","GSE117865-GPL18573_series_matrix.txt.gz","https://ftp.ncbi.nlm.nih.gov/geo/series/GSE117nnn/GSE117865/matrix/GSE117865-GPL18573_series_matrix.txt.gz",7181,"6d7ccc84b99ce17b41a0867939d8bccb","2026-09-16T14:29:11","OK"
"GSE118565",,"GSE118565_series_matrix.txt.gz","https://ftp.ncbi.nlm.nih.gov/geo/series/GSE118nnn/GSE118565/matrix/GSE118565_series_matrix.txt.gz",3774,"e597046b8d06f17b050a9308969ee9a2","2026-09-16T14:29:12","OK"
"GSE120221",,"GSE120221_series_matrix.txt.gz","https://ftp.ncbi.nlm.nih.gov/geo/series/GSE120nnn/GSE120221/matrix/GSE120221_series_matrix.txt.gz",3844,"99d28d47f70f396ebd89218775349ea0","2026-09-16T14:29:12","OK"
"GSE120715",,"GSE120715_series_matrix.txt.gz","https://ftp.ncbi.nlm.nih.gov/geo/series/GSE120nnn/GSE120715/matrix/GSE120715_series_matrix.txt.gz",7172,"e8382c1704ec6a80dd8f2febb248e55a","2026-09-16T14:29:13","OK"
"GSE121175",,"GSE121175_series_matrix.txt.gz","https://ftp.ncbi.nlm.nih.gov/geo/series/GSE121nnn/GSE121175/matrix/GSE121175_series_matrix.txt.gz",1651262,"c4bbf614719ecc0025b2e741fdde96a4","2026-09-16T14:29:14","OK"
"GSE121272",,"GSE121272_series_matrix.txt.gz","https://ftp.ncbi.nlm.nih.gov/geo/series/GSE121nnn/GSE121272/matrix/GSE121272_series_matrix.txt.gz",3095,"97e002aff60b162150aaf38b21412243","2026-09-16T14:29:14","OK"
"GSE121291",,"GSE121291_series_matrix.txt.gz","https://ftp.ncbi.nlm.nih.gov/geo/series/GSE121nnn/GSE121291/matrix/GSE121291_series_matrix.txt.gz",7340822,"f65b14fd977194ccb469c89c17c8915e","2026-09-16T14:29:16","OK"
"GSE121425",,"GSE121425_series_matrix.txt.gz","https://ftp.ncbi.nlm.nih.gov/geo/series/GSE121nnn/GSE121425/matrix/GSE121425_series_matrix.txt.gz",2965,"8202c04b4ecc2a032fa7743be6901dd2","2026-09-16T14:29:16","OK"
"GSE121426",,"GSE121426_series_matrix.txt.gz","https://ftp.ncbi.nlm.nih.gov/geo/series/GSE121nnn/GSE121426/matrix/GSE121426_series_matrix.txt.gz",4748,"542f6a1fa3f959c24db90286f5ccbf92","2026-09-16T14:29:17","OK"
"GSE121431","GPL11154","GSE121431-GPL11154_series_matrix.txt.gz","https://ftp.ncbi.nlm.nih.gov/geo/series/GSE121nnn/GSE121431/matrix/GSE121431-GPL11154_series_matrix.txt.gz",1983,"344550ce528c5adb91fa85d80293c6ce","2026-09-16T14:29:18","OK"
"GSE121431","GPL16043","GSE121431-GPL16043_series_matrix.txt.gz","https://ftp.ncbi.nlm.nih.gov/geo/series/GSE121nnn/GSE121431/matrix/GSE121431-GPL16043_series_matrix.txt.gz",7339502,"90baaed0033b5452003b79f02f4ca442","2026-09-16T14:29:19","OK"
"GSE122428",,"GSE122428_series_matrix.txt.gz","https://ftp.ncbi.nlm.nih.gov/geo/series/GSE122nnn/GSE122428/matrix/GSE122428_series_matrix.txt.gz",1987589,"0c4fd64586d33737d31f08d6b6f71c78","2026-09-16T14:29:19","OK"
"GSE123207",,"GSE123207_series_matrix.txt.gz","https://ftp.ncbi.nlm.nih.gov/geo/series/GSE123nnn/GSE123207/matrix/GSE123207_series_matrix.txt.gz",4926516,"6a1a8bea52a1664c84f9cb85be2e4766","2026-09-16T14:29:21","OK"
"GSE123211","GPL21145","GSE123211-GPL21145_series_matrix.txt.gz","https://ftp.ncbi.nlm.nih.gov/geo/series/GSE123nnn/GSE123211/matrix/GSE123211-GPL21145_series_matrix.txt.gz",28224839,"36f61a94d072c594a67bbeb15c9dc8f6","2026-09-16T14:29:24","OK"
"GSE123211","GPL570","GSE123211-GPL570_series_matrix.txt.gz","https://ftp.ncbi.nlm.nih.gov/geo/series/GSE123nnn/GSE123211/matrix/GSE123211-GPL570_series_matrix.txt.gz",4925582,"c46bd723dc4bd72d81a252b0302a0933","2026-09-16T14:29:25","OK"
"GSE123287",,"GSE123287_series_matrix.txt.gz","https://ftp.ncbi.nlm.nih.gov/geo/series/GSE123nnn/GSE123287/matrix/GSE123287_series_matrix.txt.gz",2534,"358761264a101c810d954ff8f26feacb","2026-09-16T14:29:25","OK"
"GSE124963",,"GSE124963_series_matrix.txt.gz","https://ftp.ncbi.nlm.nih.gov/geo/series/GSE124nnn/GSE124963/matrix/GSE124963_series_matrix.txt.gz",4402,"d5a6b2dc64494aa8cad1102852469427","2026-09-16T14:29:26","OK"
"GSE125112",,"GSE125112_series_matrix.txt.gz","https://ftp.ncbi.nlm.nih.gov/geo/series/GSE125nnn/GSE125112/matrix/GSE125112_series_matrix.txt.gz",5472,"b42d272330425cec01f88c071e468ff2","2026-09-16T14:29:26","OK"
"GSE125403",,"GSE125403_series_matrix.txt.gz","https://ftp.ncbi.nlm.nih.gov/geo/series/GSE125nnn/GSE125403/matrix/GSE125403_series_matrix.txt.gz",4167,"ccdd248eb792ad8c10938aca48600fea","2026-09-16T14:29:27","OK"
"GSE125437",,"GSE125437_series_matrix.txt.gz","https://ftp.ncbi.nlm.nih.gov/geo/series/GSE125nnn/GSE125437/matrix/GSE125437_series_matrix.txt.gz",12029,"c26dd2bf7b07d187efaab59b38d27150","2026-09-16T14:29:28","OK"
"GSE125719",,"GSE125719_series_matrix.txt.gz","https://ftp.ncbi.nlm.nih.gov/geo/series/GSE125nnn/GSE125719/matrix/GSE125719_series_matrix.txt.gz",2210,"cc9b518f9d83ceaebdcefb8ffaa7d8c7","2026-09-16T14:29:28","OK"
"GSE126439",,"GSE126439_series_matrix.txt.gz","https://ftp.ncbi.nlm.nih.gov/geo/series/GSE126nnn/GSE126439/matrix/GSE126439_series_matrix.txt.gz",461473,"160b280783e487f19abdf6b6d0c8c71a","2026-09-16T14:29:29","OK"
"GSE126486","GPL16791","GSE126486-GPL16791_series_matrix.txt.gz","https://ftp.ncbi.nlm.nih.gov/geo/series/GSE126nnn/GSE126486/matrix/GSE126486-GPL16791_series_matrix.txt.gz",4375,"6c25869ae643d64584aa9035a6f80fe3","2026-09-16T14:29:30","OK"
"GSE126486","GPL18573","GSE126486-GPL18573_series_matrix.txt.gz","https://ftp.ncbi.nlm.nih.gov/geo/series/GSE126nnn/GSE126486/matrix/GSE126486-GPL18573_series_matrix.txt.gz",4561,"55f453f9399b5c47cb0002baa9d965e5","2026-09-16T14:29:30","OK"
"GSE126486","GPL19604","GSE126486-GPL19604_series_matrix.txt.gz","https://ftp.ncbi.nlm.nih.gov/geo/series/GSE126nnn/GSE126486/matrix/GSE126486-GPL19604_series_matrix.txt.gz",4010,"f7e82b821bfd7bffa7cd91ca8464c796","2026-09-16T14:29:30","OK"
"GSE126895",,"GSE126895_series_matrix.txt.gz","https://ftp.ncbi.nlm.nih.gov/geo/series/GSE126nnn/GSE126895/matrix/GSE126895_series_matrix.txt.gz",6219,"3d5c7580a9f3b7992190da20a186f7f8","2026-09-16T14:29:30","OK"
"GSE126933",,"GSE126933_series_matrix.txt.gz","https://ftp.ncbi.nlm.nih.gov/geo/series/GSE126nnn/GSE126933/matrix/GSE126933_series_matrix.txt.gz",3780,"63ce8c5101cedfe3b4440268a63c2ffe","2026-09-16T14:35:52","OK"
"GSE127298",,"GSE127298_series_matrix.txt.gz","https://ftp.ncbi.nlm.nih.gov/geo/series/GSE127nnn/GSE127298/matrix/GSE127298_series_matrix.txt.gz",11102,"e2a82d67338b6fe144f3bfcf47ddf9ad","2026-09-16T14:30:32","OK"
"GSE128103",,"GSE128103_series_matrix.txt.gz","https://ftp.ncbi.nlm.nih.gov/geo/series/GSE128nnn/GSE128103/matrix/GSE128103_series_matrix.txt.gz",2482158,"fa0148cdc6df070d2d47669c7fa5b305","2026-09-16T14:30:33","OK"
"GSE128529","GPL11154","GSE128529-GPL11154_series_matrix.txt.gz","https://ftp.ncbi.nlm.nih.gov/geo/series/GSE128nnn/GSE128529/matrix/GSE128529-GPL11154_series_matrix.txt.gz",2345,"e7a34f2808d81aa3a842afb6b8a22c67","2026-09-16T14:30:33","OK"
"GSE128529","GPL9115","GSE128529-GPL9115_series_matrix.txt.gz","https://ftp.ncbi.nlm.nih.gov/geo/series/GSE128nnn/GSE128529/matrix/GSE128529-GPL9115_series_matrix.txt.gz",2391,"339eef4b86b6d852e4864830eee4cc30","2026-09-16T14:30:33","OK"
"GSE128530","GPL11154","GSE128530-GPL11154_series_matrix.txt.gz","https://ftp.ncbi.nlm.nih.gov/geo/series/GSE128nnn/GSE128530/matrix/GSE128530-GPL11154_series_matrix.txt.gz",4144,"aef58a1d66cd45496190eeda7dfbcde9","2026-09-16T14:30:34","OK"
"GSE128530","GPL9115","GSE128530-GPL9115_series_matrix.txt.gz","https://ftp.ncbi.nlm.nih.gov/geo/series/GSE128nnn/GSE128530/matrix/GSE128530-GPL9115_series_matrix.txt.gz",3268,"16bf487c7bcc356b7bae51a4deb285b1","2026-09-16T14:30:34","OK"
"GSE128837","GPL15433","GSE128837-GPL15433_series_matrix.txt.gz","https://ftp.ncbi.nlm.nih.gov/geo/series/GSE128nnn/GSE128837/matrix/GSE128837-GPL15433_series_matrix.txt.gz",6711,"64ad6e5ac0be024c8b676464429b7045","2026-09-16T14:30:35","OK"
"GSE128837","GPL21290","GSE128837-GPL21290_series_matrix.txt.gz","https://ftp.ncbi.nlm.nih.gov/geo/series/GSE128nnn/GSE128837/matrix/GSE128837-GPL21290_series_matrix.txt.gz",9202,"f48f8a1e18b46ab93e8d97a05b1f5420","2026-09-16T14:30:35","OK"
"GSE128837","GPL21697","GSE128837-GPL21697_series_matrix.txt.gz","https://ftp.ncbi.nlm.nih.gov/geo/series/GSE128nnn/GSE128837/matrix/GSE128837-GPL21697_series_matrix.txt.gz",9268,"c20f4fa212a3bc7dc51923428f3d3eb3","2026-09-16T14:30:35","OK"
"GSE128837","GPL9052","GSE128837-GPL9052_series_matrix.txt.gz","https://ftp.ncbi.nlm.nih.gov/geo/series/GSE128nnn/GSE128837/matrix/GSE128837-GPL9052_series_matrix.txt.gz",4530,"aa021545a5d025ea11ad207b0faea7f6","2026-09-16T14:30:35","OK"
"GSE128950",,"GSE128950_series_matrix.txt.gz","https://ftp.ncbi.nlm.nih.gov/geo/series/GSE128nnn/GSE128950/matrix/GSE128950_series_matrix.txt.gz",2225,"cf4bbb1dde0200c22f17bd965a6ef66e","2026-09-16T14:30:36","OK"
"GSE129449",,"GSE129449_series_matrix.txt.gz","https://ftp.ncbi.nlm.nih.gov/geo/series/GSE129nnn/GSE129449/matrix/GSE129449_series_matrix.txt.gz",2508,"72eacd876eb0758449d60017d1b4d342","2026-09-16T14:30:37","OK"
"GSE129637","GPL18573","GSE129637-GPL18573_series_matrix.txt.gz","https://ftp.ncbi.nlm.nih.gov/geo/series/GSE129nnn/GSE129637/matrix/GSE129637-GPL18573_series_matrix.txt.gz",4822,"2a7b6a04c9ee6c623671ffe82baf33ea","2026-09-16T14:30:37","OK"
"GSE129637","GPL19057","GSE129637-GPL19057_series_matrix.txt.gz","https://ftp.ncbi.nlm.nih.gov/geo/series/GSE129nnn/GSE129637/matrix/GSE129637-GPL19057_series_matrix.txt.gz",7140,"3095868c489f5af75f4583a69de914a8","2026-09-16T14:30:37","OK"
"GSE129638","GPL18573","GSE129638-GPL18573_series_matrix.txt.gz","https://ftp.ncbi.nlm.nih.gov/geo/series/GSE129nnn/GSE129638/matrix/GSE129638-GPL18573_series_matrix.txt.gz",6150,"b9744c0a689554468cfb5dde74e23b1e","2026-09-16T14:30:38","OK"
"GSE129638","GPL19057","GSE129638-GPL19057_series_matrix.txt.gz","https://ftp.ncbi.nlm.nih.gov/geo/series/GSE129nnn/GSE129638/matrix/GSE129638-GPL19057_series_matrix.txt.gz",6898,"0a18eb6949b47505431bd11994e1c305","2026-09-16T14:30:38","OK"
"GSE129698",,"GSE129698_series_matrix.txt.gz","https://ftp.ncbi.nlm.nih.gov/geo/series/GSE129nnn/GSE129698/matrix/GSE129698_series_matrix.txt.gz",3595,"3a792e40ab156c228d09819ac21e1c04","2026-09-16T14:30:39","OK"
"GSE129862","GPL18573","GSE129862-GPL18573_series_matrix.txt.gz","https://ftp.ncbi.nlm.nih.gov/geo/series/GSE129nnn/GSE129862/matrix/GSE129862-GPL18573_series_matrix.txt.gz",1939,"ff5d145bc9c7873f02c32f0571a617aa","2026-09-16T14:30:40","OK"
"GSE129862","GPL19057","GSE129862-GPL19057_series_matrix.txt.gz","https://ftp.ncbi.nlm.nih.gov/geo/series/GSE129nnn/GSE129862/matrix/GSE129862-GPL19057_series_matrix.txt.gz",2185,"930d17f4ca204b92fd50ab391b93dc2d","2026-09-16T14:30:40","OK"
"GSE129863","GPL18573","GSE129863-GPL18573_series_matrix.txt.gz","https://ftp.ncbi.nlm.nih.gov/geo/series/GSE129nnn/GSE129863/matrix/GSE129863-GPL18573_series_matrix.txt.gz",2705,"f3c7ccf69af7444ca8bb087375f6f072","2026-09-16T14:30:40","OK"
"GSE129863","GPL19057","GSE129863-GPL19057_series_matrix.txt.gz","https://ftp.ncbi.nlm.nih.gov/geo/series/GSE129nnn/GSE129863/matrix/GSE129863-GPL19057_series_matrix.txt.gz",2149,"e110d3187e532de57df35e59d8fb20df","2026-09-16T14:30:41","OK"
"GSE130140","GPL16791","GSE130140-GPL16791_series_matrix.txt.gz","https://ftp.ncbi.nlm.nih.gov/geo/series/GSE130nnn/GSE130140/matrix/GSE130140-GPL16791_series_matrix.txt.gz",2965,"646969402cefd112f0c82e06d4aebbcb","2026-09-16T14:30:41","OK"
"GSE130140","GPL18573","GSE130140-GPL18573_series_matrix.txt.gz","https://ftp.ncbi.nlm.nih.gov/geo/series/GSE130nnn/GSE130140/matrix/GSE130140-GPL18573_series_matrix.txt.gz",7286,"dc6bd0065cfbde7fc0d2e3cffbd0f35d","2026-09-16T14:30:41","OK"
"GSE131147",,"GSE131147_series_matrix.txt.gz","https://ftp.ncbi.nlm.nih.gov/geo/series/GSE131nnn/GSE131147/matrix/GSE131147_series_matrix.txt.gz",2623,"658103363b767fb78deaa651fffa1bf3","2026-09-16T14:30:42","OK"
"GSE131358",,"GSE131358_series_matrix.txt.gz","https://ftp.ncbi.nlm.nih.gov/geo/series/GSE131nnn/GSE131358/matrix/GSE131358_series_matrix.txt.gz",3826,"1dbe12bf756e8ac4c314ce82e3936b02","2026-09-16T14:30:42","OK"
"GSE131592",,"GSE131592_series_matrix.txt.gz","https://ftp.ncbi.nlm.nih.gov/geo/series/GSE131nnn/GSE131592/matrix/GSE131592_series_matrix.txt.gz",6733,"404b8b6b0d2b8cc0f10514d9f801f473","2026-09-16T14:30:43","OK"
"GSE132244",,"GSE132244_series_matrix.txt.gz","https://ftp.ncbi.nlm.nih.gov/geo/series/GSE132nnn/GSE132244/matrix/GSE132244_series_matrix.txt.gz",2553,"6be98ec57eb05333318cc2a1ce977430","2026-09-16T14:30:44","OK"
"GSE132245",,"GSE132245_series_matrix.txt.gz","https://ftp.ncbi.nlm.nih.gov/geo/series/GSE132nnn/GSE132245/matrix/GSE132245_series_matrix.txt.gz",3613,"9f66381e8bce7bea78ec919d4a842910","2026-09-16T14:30:44","OK"
"GSE132396","GPL11154","GSE132396-GPL11154_series_matrix.txt.gz","https://ftp.ncbi.nlm.nih.gov/geo/series/GSE132nnn/GSE132396/matrix/GSE132396-GPL11154_series_matrix.txt.gz",3895,"8376101efc1821491690f94a1521b228","2026-09-16T14:30:45","OK"
"GSE132396","GPL18573","GSE132396-GPL18573_series_matrix.txt.gz","https://ftp.ncbi.nlm.nih.gov/geo/series/GSE132nnn/GSE132396/matrix/GSE132396-GPL18573_series_matrix.txt.gz",3986,"b13530e8fa6062234c976ee24be87809","2026-09-16T14:30:45","OK"
"GSE132396","GPL20301","GSE132396-GPL20301_series_matrix.txt.gz","https://ftp.ncbi.nlm.nih.gov/geo/series/GSE132nnn/GSE132396/matrix/GSE132396-GPL20301_series_matrix.txt.gz",3988,"43c97a5f78914bf457c15242a574ce53","2026-09-16T14:30:45","OK"
"GSE132407",,"GSE132407_series_matrix.txt.gz","https://ftp.ncbi.nlm.nih.gov/geo/series/GSE132nnn/GSE132407/matrix/GSE132407_series_matrix.txt.gz",2739,"114ca19e3870d5292b7e7ae3fff41bef","2026-09-16T14:30:46","OK"
"GSE132584",,"GSE132584_series_matrix.txt.gz","https://ftp.ncbi.nlm.nih.gov/geo/series/GSE132nnn/GSE132584/matrix/GSE132584_series_matrix.txt.gz",2014,"facbd8ac093d2d6fba67e534d0887cec","2026-09-16T14:30:46","OK"
"GSE132587",,"GSE132587_series_matrix.txt.gz","https://ftp.ncbi.nlm.nih.gov/geo/series/GSE132nnn/GSE132587/matrix/GSE132587_series_matrix.txt.gz",3375,"bbb609670ac42a993ca27aa9c255d01a","2026-09-16T14:30:47","OK"
"GSE133112",,"GSE133112_series_matrix.txt.gz","https://ftp.ncbi.nlm.nih.gov/geo/series/GSE133nnn/GSE133112/matrix/GSE133112_series_matrix.txt.gz",2715,"619ba868563f8f67313e26ebb0ec3946","2026-09-16T14:30:48","OK"
"GSE134506",,"GSE134506_series_matrix.txt.gz","https://ftp.ncbi.nlm.nih.gov/geo/series/GSE134nnn/GSE134506/matrix/GSE134506_series_matrix.txt.gz",5275,"9be36666f56490170d6104105b5a1c52","2026-09-16T14:30:48","OK"
"GSE134716",,"GSE134716_series_matrix.txt.gz","https://ftp.ncbi.nlm.nih.gov/geo/series/GSE134nnn/GSE134716/matrix/GSE134716_series_matrix.txt.gz",4069720,"6c7fef18aabe69bdc8d775ec7713a2b2","2026-09-16T14:30:49","OK"
"GSE134742",,"GSE134742_series_matrix.txt.gz","https://ftp.ncbi.nlm.nih.gov/geo/series/GSE134nnn/GSE134742/matrix/GSE134742_series_matrix.txt.gz",2972713,"99c627f6455caa6ca28ec3e929ad8f0d","2026-09-16T14:30:50","OK"
"GSE135207","GPL21145","GSE135207-GPL21145_series_matrix.txt.gz","https://ftp.ncbi.nlm.nih.gov/geo/series/GSE135nnn/GSE135207/matrix/GSE135207-GPL21145_series_matrix.txt.gz",4476,"f0edf54b7764cf40f0d750ce1362a6b0","2026-09-16T14:30:51","OK"
"GSE135207","GPL24676","GSE135207-GPL24676_series_matrix.txt.gz","https://ftp.ncbi.nlm.nih.gov/geo/series/GSE135nnn/GSE135207/matrix/GSE135207-GPL24676_series_matrix.txt.gz",7094,"f4cfc960374947b60e0d452c845518c1","2026-09-16T14:30:51","OK"
"GSE135378",,"GSE135378_series_matrix.txt.gz","https://ftp.ncbi.nlm.nih.gov/geo/series/GSE135nnn/GSE135378/matrix/GSE135378_series_matrix.txt.gz",7185,"ad28300e403edf3181d842075016c9f0","2026-09-16T14:30:52","OK"
"GSE136032",,"GSE136032_series_matrix.txt.gz","https://ftp.ncbi.nlm.nih.gov/geo/series/GSE136nnn/GSE136032/matrix/GSE136032_series_matrix.txt.gz",2287,"2286896ba6eabd891629d1a2c49f2bc4","2026-09-16T14:30:52","OK"
"GSE136204",,"GSE136204_series_matrix.txt.gz","https://ftp.ncbi.nlm.nih.gov/geo/series/GSE136nnn/GSE136204/matrix/GSE136204_series_matrix.txt.gz",2352,"574ca048108accaf7c6c13f8a9ee4ded","2026-09-16T14:30:53","OK"
"GSE136884",,"GSE136884_series_matrix.txt.gz","https://ftp.ncbi.nlm.nih.gov/geo/series/GSE136nnn/GSE136884/matrix/GSE136884_series_matrix.txt.gz",3359,"64050e49dfba430e34f0e13df2e26fce","2026-09-16T14:30:53","OK"
"GSE137429",,"GSE137429_series_matrix.txt.gz","https://ftp.ncbi.nlm.nih.gov/geo/series/GSE137nnn/GSE137429/matrix/GSE137429_series_matrix.txt.gz",2366,"c7c25a351729a07b4e0e7cb95eeb0bd7","2026-09-16T14:30:54","OK"
"GSE137574",,"GSE137574_series_matrix.txt.gz","https://ftp.ncbi.nlm.nih.gov/geo/series/GSE137nnn/GSE137574/matrix/GSE137574_series_matrix.txt.gz",7214472,"dba7c371c43620c73a57f9dc1f3d43d1","2026-09-16T14:30:56","OK"
"GSE137934",,"GSE137934_series_matrix.txt.gz","https://ftp.ncbi.nlm.nih.gov/geo/series/GSE137nnn/GSE137934/matrix/GSE137934_series_matrix.txt.gz",2174,"f04be9985966cc214051ef30bbd16a3b","2026-09-16T14:30:56","OK"
"GSE138057",,"GSE138057_series_matrix.txt.gz","https://ftp.ncbi.nlm.nih.gov/geo/series/GSE138nnn/GSE138057/matrix/GSE138057_series_matrix.txt.gz",2574,"68266b97d0b9c8321260fb715902612d","2026-09-16T14:30:57","OK"
"GSE138209",,"GSE138209_series_matrix.txt.gz","https://ftp.ncbi.nlm.nih.gov/geo/series/GSE138nnn/GSE138209/matrix/GSE138209_series_matrix.txt.gz",6323,"6e9afd54302a44ab40523899c4c70ea6","2026-09-16T14:30:57","OK"
"GSE138210",,"GSE138210_series_matrix.txt.gz","https://ftp.ncbi.nlm.nih.gov/geo/series/GSE138nnn/GSE138210/matrix/GSE138210_series_matrix.txt.gz",10701,"3db5436cbf014d3b608d2f59608ee04d","2026-09-16T14:30:58","OK"
"GSE138340",,"GSE138340_series_matrix.txt.gz","https://ftp.ncbi.nlm.nih.gov/geo/series/GSE138nnn/GSE138340/matrix/GSE138340_series_matrix.txt.gz",2776,"3c210df2f847173ceb4ed375774cb303","2026-09-16T14:30:59","OK"
"GSE139908","GPL16791","GSE139908-GPL16791_series_matrix.txt.gz","https://ftp.ncbi.nlm.nih.gov/geo/series/GSE139nnn/GSE139908/matrix/GSE139908-GPL16791_series_matrix.txt.gz",2228,"151cf9858c199b50c3ea95ae2723f5e1","2026-09-16T14:30:59","OK"
"GSE139908","GPL17021","GSE139908-GPL17021_series_matrix.txt.gz","https://ftp.ncbi.nlm.nih.gov/geo/series/GSE139nnn/GSE139908/matrix/GSE139908-GPL17021_series_matrix.txt.gz",3045,"2fd7e7a283f386477a15f7dd716887cd","2026-09-16T14:30:59","OK"
"GSE142765",,"GSE142765_series_matrix.txt.gz","https://ftp.ncbi.nlm.nih.gov/geo/series/GSE142nnn/GSE142765/matrix/GSE142765_series_matrix.txt.gz",3983,"85a7600cd828c8a12c42314e8e72f5df","2026-09-16T14:31:00","OK"
"GSE144326",,"GSE144326_series_matrix.txt.gz","https://ftp.ncbi.nlm.nih.gov/geo/series/GSE144nnn/GSE144326/matrix/GSE144326_series_matrix.txt.gz",2932,"baaef775179900b1ec1707103f7b7fe2","2026-09-16T14:31:01","OK"
"GSE144638",,"GSE144638_series_matrix.txt.gz","https://ftp.ncbi.nlm.nih.gov/geo/series/GSE144nnn/GSE144638/matrix/GSE144638_series_matrix.txt.gz",4289657,"026b677512d9003b77c70fb1ea913e6f","2026-09-16T14:31:02","OK"
"GSE144759",,"GSE144759_series_matrix.txt.gz","https://ftp.ncbi.nlm.nih.gov/geo/series/GSE144nnn/GSE144759/matrix/GSE144759_series_matrix.txt.gz",3910,"705ccf2210e7a38c6d9de8a55b132fda","2026-09-16T14:31:02","OK"
"GSE144959",,"GSE144959_series_matrix.txt.gz","https://ftp.ncbi.nlm.nih.gov/geo/series/GSE144nnn/GSE144959/matrix/GSE144959_series_matrix.txt.gz",2427,"a505239e02ad415b2596f8e77f85ebc0","2026-09-16T14:31:03","OK"
"GSE144968",,"GSE144968_series_matrix.txt.gz","https://ftp.ncbi.nlm.nih.gov/geo/series/GSE144nnn/GSE144968/matrix/GSE144968_series_matrix.txt.gz",2257,"d43fd4bbc50ec64cf83194f2dd398cd9","2026-09-16T14:31:03","OK"
"GSE144984",,"GSE144984_series_matrix.txt.gz","https://ftp.ncbi.nlm.nih.gov/geo/series/GSE144nnn/GSE144984/matrix/GSE144984_series_matrix.txt.gz",3652,"d2bd5405b7279fe3e05ce861bb9fcd06","2026-09-16T14:31:04","OK"
"GSE145061",,"GSE145061_series_matrix.txt.gz","https://ftp.ncbi.nlm.nih.gov/geo/series/GSE145nnn/GSE145061/matrix/GSE145061_series_matrix.txt.gz",2488,"21086c419d18576253db6cf7f71416ab","2026-09-16T14:31:05","OK"
"GSE145106",,"GSE145106_series_matrix.txt.gz","https://ftp.ncbi.nlm.nih.gov/geo/series/GSE145nnn/GSE145106/matrix/GSE145106_series_matrix.txt.gz",2024,"02d598c3cdbc0e6326582616fc2891ec","2026-09-16T14:31:05","OK"
"GSE145285","GPL11154","GSE145285-GPL11154_series_matrix.txt.gz","https://ftp.ncbi.nlm.nih.gov/geo/series/GSE145nnn/GSE145285/matrix/GSE145285-GPL11154_series_matrix.txt.gz",3387,"9c979aca1e909b8e75918c53111d99d3","2026-09-16T14:31:06","OK"
"GSE145285","GPL23479","GSE145285-GPL23479_series_matrix.txt.gz","https://ftp.ncbi.nlm.nih.gov/geo/series/GSE145nnn/GSE145285/matrix/GSE145285-GPL23479_series_matrix.txt.gz",3384,"39666bb0aa30fc80d183a4778829b3c3","2026-09-16T14:31:06","OK"
"GSE145410",,"GSE145410_series_matrix.txt.gz","https://ftp.ncbi.nlm.nih.gov/geo/series/GSE145nnn/GSE145410/matrix/GSE145410_series_matrix.txt.gz",2296,"c9be233f38f121db5112d594b9359ca7","2026-09-16T14:31:07","OK"
"GSE146362",,"GSE146362_series_matrix.txt.gz","https://ftp.ncbi.nlm.nih.gov/geo/series/GSE146nnn/GSE146362/matrix/GSE146362_series_matrix.txt.gz",8824948,"82fa3493a10a39c0d2257d8e9c5aa128","2026-09-16T14:31:08","OK"
"GSE146503",,"GSE146503_series_matrix.txt.gz","https://ftp.ncbi.nlm.nih.gov/geo/series/GSE146nnn/GSE146503/matrix/GSE146503_series_matrix.txt.gz",3488,"fd51d2b3a9cdc183cc4c056802da8dda","2026-09-16T14:31:09","OK"
"GSE146504","GPL21145","GSE146504-GPL21145_series_matrix.txt.gz","https://ftp.ncbi.nlm.nih.gov/geo/series/GSE146nnn/GSE146504/matrix/GSE146504-GPL21145_series_matrix.txt.gz",33310306,"059e2d519b3f55448ac570539b3bc0c7","2026-09-16T14:31:12","OK"
"GSE146504","GPL24676","GSE146504-GPL24676_series_matrix.txt.gz","https://ftp.ncbi.nlm.nih.gov/geo/series/GSE146nnn/GSE146504/matrix/GSE146504-GPL24676_series_matrix.txt.gz",3067,"a028045ebc3e4577bc568d01060f291e","2026-09-16T14:31:13","OK"
"GSE146544","GPL16791","GSE146544-GPL16791_series_matrix.txt.gz","https://ftp.ncbi.nlm.nih.gov/geo/series/GSE146nnn/GSE146544/matrix/GSE146544-GPL16791_series_matrix.txt.gz",2855,"2d9f6b016d46cd7b6989652b59259944","2026-09-16T14:31:13","OK"
"GSE146544","GPL20301","GSE146544-GPL20301_series_matrix.txt.gz","https://ftp.ncbi.nlm.nih.gov/geo/series/GSE146nnn/GSE146544/matrix/GSE146544-GPL20301_series_matrix.txt.gz",2631,"7983cf53e538552e135ee01c44f05bbd","2026-09-16T14:31:13","OK"
"GSE146544","GPL28228","GSE146544-GPL28228_series_matrix.txt.gz","https://ftp.ncbi.nlm.nih.gov/geo/series/GSE146nnn/GSE146544/matrix/GSE146544-GPL28228_series_matrix.txt.gz",5518034,"33b3bc7c135121298331d06618da60f1","2026-09-16T14:31:14","OK"
"GSE146590",,"GSE146590_series_matrix.txt.gz","https://ftp.ncbi.nlm.nih.gov/geo/series/GSE146nnn/GSE146590/matrix/GSE146590_series_matrix.txt.gz",3154,"e22db6043b9bd06c977f11a13fa7b2a9","2026-09-16T14:31:15","OK"
"GSE147510",,"GSE147510_series_matrix.txt.gz","https://ftp.ncbi.nlm.nih.gov/geo/series/GSE147nnn/GSE147510/matrix/GSE147510_series_matrix.txt.gz",2471,"ecc6d475ec7b565f449253096415562f","2026-09-16T14:31:15","OK"
"GSE147511",,"GSE147511_series_matrix.txt.gz","https://ftp.ncbi.nlm.nih.gov/geo/series/GSE147nnn/GSE147511/matrix/GSE147511_series_matrix.txt.gz",3040,"82881432119e937a950a0ed2d8ca6e80","2026-09-16T14:31:16","OK"
"GSE147534",,"GSE147534_series_matrix.txt.gz","https://ftp.ncbi.nlm.nih.gov/geo/series/GSE147nnn/GSE147534/matrix/GSE147534_series_matrix.txt.gz",2047,"f24ae62ee8f85f6e59e3d28a5fec166b","2026-09-16T14:31:16","OK"
"GSE148018",,"GSE148018_series_matrix.txt.gz","https://ftp.ncbi.nlm.nih.gov/geo/series/GSE148nnn/GSE148018/matrix/GSE148018_series_matrix.txt.gz",2308,"c82fd04204e0a550489d814b5bb61417","2026-09-16T14:31:17","OK"
"GSE148094",,"GSE148094_series_matrix.txt.gz","https://ftp.ncbi.nlm.nih.gov/geo/series/GSE148nnn/GSE148094/matrix/GSE148094_series_matrix.txt.gz",693859,"e0991f6b35fe77cb3138a7173ed9a25f","2026-09-16T14:31:18","OK"
"GSE149049",,"GSE149049_series_matrix.txt.gz","https://ftp.ncbi.nlm.nih.gov/geo/series/GSE149nnn/GSE149049/matrix/GSE149049_series_matrix.txt.gz",2921,"7551c8c0bafda1fbc9e48ce5852743a5","2026-09-16T14:31:18","OK"
"GSE149520",,"GSE149520_series_matrix.txt.gz","https://ftp.ncbi.nlm.nih.gov/geo/series/GSE149nnn/GSE149520/matrix/GSE149520_series_matrix.txt.gz",2072,"a77b430255d63e8ea5ed543d4a9c21ef","2026-09-16T14:31:19","OK"
"GSE149548",,"GSE149548_series_matrix.txt.gz","https://ftp.ncbi.nlm.nih.gov/geo/series/GSE149nnn/GSE149548/matrix/GSE149548_series_matrix.txt.gz",2309850,"1fa3975b0341d1059a5c8fa7332b3aab","2026-09-16T14:31:20","OK"
"GSE150554","GPL18573","GSE150554-GPL18573_series_matrix.txt.gz","https://ftp.ncbi.nlm.nih.gov/geo/series/GSE150nnn/GSE150554/matrix/GSE150554-GPL18573_series_matrix.txt.gz",3312,"283a3a2e064905f9e4b2432b0903f134","2026-09-16T14:31:21","OK"
"GSE150554","GPL24676","GSE150554-GPL24676_series_matrix.txt.gz","https://ftp.ncbi.nlm.nih.gov/geo/series/GSE150nnn/GSE150554/matrix/GSE150554-GPL24676_series_matrix.txt.gz",3705,"c0824f0ae731f3fea5f836363c99e0e7","2026-09-16T14:31:21","OK"
"GSE150555","GPL18573","GSE150555-GPL18573_series_matrix.txt.gz","https://ftp.ncbi.nlm.nih.gov/geo/series/GSE150nnn/GSE150555/matrix/GSE150555-GPL18573_series_matrix.txt.gz",3702,"d22875f580d39f02bae6601d6f377c60","2026-09-16T14:31:22","OK"
"GSE150555","GPL24676","GSE150555-GPL24676_series_matrix.txt.gz","https://ftp.ncbi.nlm.nih.gov/geo/series/GSE150nnn/GSE150555/matrix/GSE150555-GPL24676_series_matrix.txt.gz",2570,"94983beb48422327e73792df9854c802","2026-09-16T14:31:22","OK"
"GSE150857",,"GSE150857_series_matrix.txt.gz","https://ftp.ncbi.nlm.nih.gov/geo/series/GSE150nnn/GSE150857/matrix/GSE150857_series_matrix.txt.gz",3101,"106048890d7f0e4c98e247854319e256","2026-09-16T14:31:22","OK"
"GSE151576","GPL16791","GSE151576-GPL16791_series_matrix.txt.gz","https://ftp.ncbi.nlm.nih.gov/geo/series/GSE151nnn/GSE151576/matrix/GSE151576-GPL16791_series_matrix.txt.gz",4142,"3ce3bf3daf8d24f9dab0c0d0d8d8c1bc","2026-09-16T14:31:23","OK"
"GSE151576","GPL18573","GSE151576-GPL18573_series_matrix.txt.gz","https://ftp.ncbi.nlm.nih.gov/geo/series/GSE151nnn/GSE151576/matrix/GSE151576-GPL18573_series_matrix.txt.gz",3159,"3e2ae39ac2f1d74ff16fe82893ef42ed","2026-09-16T14:31:23","OK"
"GSE151576","GPL24676","GSE151576-GPL24676_series_matrix.txt.gz","https://ftp.ncbi.nlm.nih.gov/geo/series/GSE151nnn/GSE151576/matrix/GSE151576-GPL24676_series_matrix.txt.gz",3157,"b7066a368fc6f07661a260575b851085","2026-09-16T14:31:23","OK"
"GSE151594",,"GSE151594_series_matrix.txt.gz","https://ftp.ncbi.nlm.nih.gov/geo/series/GSE151nnn/GSE151594/matrix/GSE151594_series_matrix.txt.gz",5145,"96b49ef9bb5c524e5e753e7c160b36db","2026-09-16T14:31:24","OK"
"GSE152096",,"GSE152096_series_matrix.txt.gz","https://ftp.ncbi.nlm.nih.gov/geo/series/GSE152nnn/GSE152096/matrix/GSE152096_series_matrix.txt.gz",4768,"a19c117936fa0de6b3a002eac3c6a47c","2026-09-16T14:31:24","OK"
"GSE152136","GPL20301","GSE152136-GPL20301_series_matrix.txt.gz","https://ftp.ncbi.nlm.nih.gov/geo/series/GSE152nnn/GSE152136/matrix/GSE152136-GPL20301_series_matrix.txt.gz",3872,"d99a9298a80131357f356067619328ef","2026-09-16T14:31:25","OK"
"GSE152136","GPL20795","GSE152136-GPL20795_series_matrix.txt.gz","https://ftp.ncbi.nlm.nih.gov/geo/series/GSE152nnn/GSE152136/matrix/GSE152136-GPL20795_series_matrix.txt.gz",4018,"0928e99e9f2818afbee303ba250239c8","2026-09-16T14:31:25","OK"
"GSE152136","GPL24676","GSE152136-GPL24676_series_matrix.txt.gz","https://ftp.ncbi.nlm.nih.gov/geo/series/GSE152nnn/GSE152136/matrix/GSE152136-GPL24676_series_matrix.txt.gz",13138,"2c0477297bcbdecb0680cdb5ab2d1471","2026-09-16T14:31:25","OK"
"GSE152258",,"GSE152258_series_matrix.txt.gz","https://ftp.ncbi.nlm.nih.gov/geo/series/GSE152nnn/GSE152258/matrix/GSE152258_series_matrix.txt.gz",3153,"af5fed624316b06d2b876f79758474ed","2026-09-16T14:31:26","OK"
"GSE152441",,"GSE152441_series_matrix.txt.gz","https://ftp.ncbi.nlm.nih.gov/geo/series/GSE152nnn/GSE152441/matrix/GSE152441_series_matrix.txt.gz",2756,"874358ef8f7696865fc2a77da69d0776","2026-09-16T14:31:27","OK"
"GSE152442","GPL20301","GSE152442-GPL20301_series_matrix.txt.gz","https://ftp.ncbi.nlm.nih.gov/geo/series/GSE152nnn/GSE152442/matrix/GSE152442-GPL20301_series_matrix.txt.gz",2691,"41a10b49780d4fb78f4f805bb4a812c2","2026-09-16T14:31:27","OK"
"GSE152442","GPL24676","GSE152442-GPL24676_series_matrix.txt.gz","https://ftp.ncbi.nlm.nih.gov/geo/series/GSE152nnn/GSE152442/matrix/GSE152442-GPL24676_series_matrix.txt.gz",2212,"24fe23050b758bfd010132404eef8e41","2026-09-16T14:31:27","OK"
"GSE153264","GPL18573","GSE153264-GPL18573_series_matrix.txt.gz","https://ftp.ncbi.nlm.nih.gov/geo/series/GSE153nnn/GSE153264/matrix/GSE153264-GPL18573_series_matrix.txt.gz",2928,"a44dc77b1d45249b95c6b952605ea242","2026-09-16T14:31:28","OK"
"GSE153264","GPL24676","GSE153264-GPL24676_series_matrix.txt.gz","https://ftp.ncbi.nlm.nih.gov/geo/series/GSE153nnn/GSE153264/matrix/GSE153264-GPL24676_series_matrix.txt.gz",2640,"421137cfd37260a900b8c84d554d9fc9","2026-09-16T14:31:28","OK"
"GSE153853",,"GSE153853_series_matrix.txt.gz","https://ftp.ncbi.nlm.nih.gov/geo/series/GSE153nnn/GSE153853/matrix/GSE153853_series_matrix.txt.gz",2176,"cd7cd022d0a046d5488e7047056fc81d","2026-09-16T14:31:29","OK"
"GSE153854",,"GSE153854_series_matrix.txt.gz","https://ftp.ncbi.nlm.nih.gov/geo/series/GSE153nnn/GSE153854/matrix/GSE153854_series_matrix.txt.gz",2111,"6e2d43a10ae8827e48f2834e7dbbb2bf","2026-09-16T14:31:30","OK"
"GSE154570",,"GSE154570_series_matrix.txt.gz","https://ftp.ncbi.nlm.nih.gov/geo/series/GSE154nnn/GSE154570/matrix/GSE154570_series_matrix.txt.gz",5040,"563dd042bad189a8c3a37dd8bcf875b8","2026-09-16T14:31:30","OK"
"GSE155559",,"GSE155559_series_matrix.txt.gz","https://ftp.ncbi.nlm.nih.gov/geo/series/GSE155nnn/GSE155559/matrix/GSE155559_series_matrix.txt.gz",2470,"7c45460b92b8784601c38ac413a03fcf","2026-09-16T14:31:31","OK"
"GSE155592","GPL18573","GSE155592-GPL18573_series_matrix.txt.gz","https://ftp.ncbi.nlm.nih.gov/geo/series/GSE155nnn/GSE155592/matrix/GSE155592-GPL18573_series_matrix.txt.gz",4955,"f95e6591501bc1d73820d58b56b31c87","2026-09-16T14:31:31","OK"
"GSE155592","GPL24676","GSE155592-GPL24676_series_matrix.txt.gz","https://ftp.ncbi.nlm.nih.gov/geo/series/GSE155nnn/GSE155592/matrix/GSE155592-GPL24676_series_matrix.txt.gz",2445,"9f6df5bb2d33c09665cfa231e553e89a","2026-09-16T14:31:31","OK"
"GSE155640",,"GSE155640_series_matrix.txt.gz","https://ftp.ncbi.nlm.nih.gov/geo/series/GSE155nnn/GSE155640/matrix/GSE155640_series_matrix.txt.gz",6550992,"accb30b1da2dc75384166154db5596a0","2026-09-16T14:31:33","OK"
"GSE156182",,"GSE156182_series_matrix.txt.gz","https://ftp.ncbi.nlm.nih.gov/geo/series/GSE156nnn/GSE156182/matrix/GSE156182_series_matrix.txt.gz",971066,"012cedf37ab101a2476253d8aae7551d","2026-09-16T14:31:34","OK"
"GSE156947","GPL24247","GSE156947-GPL24247_series_matrix.txt.gz","https://ftp.ncbi.nlm.nih.gov/geo/series/GSE156nnn/GSE156947/matrix/GSE156947-GPL24247_series_matrix.txt.gz",1880,"125bf358553c84aa5a7f117324964f47","2026-09-16T14:31:34","OK"
"GSE156947","GPL24676","GSE156947-GPL24676_series_matrix.txt.gz","https://ftp.ncbi.nlm.nih.gov/geo/series/GSE156nnn/GSE156947/matrix/GSE156947-GPL24676_series_matrix.txt.gz",1930,"daad1a64f21f8021307562c85cc0b36f","2026-09-16T14:31:35","OK"
"GSE157298","GPL18573","GSE157298-GPL18573_series_matrix.txt.gz","https://ftp.ncbi.nlm.nih.gov/geo/series/GSE157nnn/GSE157298/matrix/GSE157298-GPL18573_series_matrix.txt.gz",5023,"38636802e53cf462f9892074c6c243fe","2026-09-16T14:31:35","OK"
"GSE157298","GPL24676","GSE157298-GPL24676_series_matrix.txt.gz","https://ftp.ncbi.nlm.nih.gov/geo/series/GSE157nnn/GSE157298/matrix/GSE157298-GPL24676_series_matrix.txt.gz",4972,"4b010e9bf0bbaac0c63d0cd842c44c4e","2026-09-16T14:31:35","OK"
"GSE157633",,"GSE157633_series_matrix.txt.gz","https://ftp.ncbi.nlm.nih.gov/geo/series/GSE157nnn/GSE157633/matrix/GSE157633_series_matrix.txt.gz",2672,"ddf8fa2236733a259ce09f7144aeaa19","2026-09-16T14:31:36","OK"
"GSE157634",,"GSE157634_series_matrix.txt.gz","https://ftp.ncbi.nlm.nih.gov/geo/series/GSE157nnn/GSE157634/matrix/GSE157634_series_matrix.txt.gz",2469,"5d3777b15422178c0d6a4cdf12462137","2026-09-16T14:31:37","OK"
"GSE157636",,"GSE157636_series_matrix.txt.gz","https://ftp.ncbi.nlm.nih.gov/geo/series/GSE157nnn/GSE157636/matrix/GSE157636_series_matrix.txt.gz",12487,"f6227d465a61dcfb10a8a2b8fa38ac27","2026-09-16T14:31:37","OK"
"GSE158103",,"GSE158103_series_matrix.txt.gz","https://ftp.ncbi.nlm.nih.gov/geo/series/GSE158nnn/GSE158103/matrix/GSE158103_series_matrix.txt.gz",2244635,"b1504cc60d93932240718072dee3cec4","2026-09-16T14:31:38","OK"
"GSE158296",,"GSE158296_series_matrix.txt.gz","https://ftp.ncbi.nlm.nih.gov/geo/series/GSE158nnn/GSE158296/matrix/GSE158296_series_matrix.txt.gz",2973,"b9b4959f1b7a7eb31790a8c87c9d6179","2026-09-16T14:31:39","OK"
"GSE158738",,"GSE158738_series_matrix.txt.gz","https://ftp.ncbi.nlm.nih.gov/geo/series/GSE158nnn/GSE158738/matrix/GSE158738_series_matrix.txt.gz",3146,"f53a7cd01bb8d166543f7db6e25f4291","2026-09-16T14:31:39","OK"
"GSE160531",,"GSE160531_series_matrix.txt.gz","https://ftp.ncbi.nlm.nih.gov/geo/series/GSE160nnn/GSE160531/matrix/GSE160531_series_matrix.txt.gz",3139,"03af291816fdce871cf22085db6fc824","2026-09-16T14:31:40","OK"
"GSE161397",,"GSE161397_series_matrix.txt.gz","https://ftp.ncbi.nlm.nih.gov/geo/series/GSE161nnn/GSE161397/matrix/GSE161397_series_matrix.txt.gz",2573,"c1e70450a184f6cd358078606f94f5c3","2026-09-16T14:31:41","OK"
"GSE162592",,"GSE162592_series_matrix.txt.gz","https://ftp.ncbi.nlm.nih.gov/geo/series/GSE162nnn/GSE162592/matrix/GSE162592_series_matrix.txt.gz",2794,"8c52e26ce9e893cc9791c6633fb88146","2026-09-16T14:31:41","OK"
"GSE162593",,"GSE162593_series_matrix.txt.gz","https://ftp.ncbi.nlm.nih.gov/geo/series/GSE162nnn/GSE162593/matrix/GSE162593_series_matrix.txt.gz",2496,"bb8bf56eeb15be4954c48db4aef2a969","2026-09-16T14:31:42","OK"
"GSE163305",,"GSE163305_series_matrix.txt.gz","https://ftp.ncbi.nlm.nih.gov/geo/series/GSE163nnn/GSE163305/matrix/GSE163305_series_matrix.txt.gz",2427,"968caae6a1871d375f9c9bd71071a894","2026-09-16T14:31:42","OK"
"GSE163802",,"GSE163802_series_matrix.txt.gz","https://ftp.ncbi.nlm.nih.gov/geo/series/GSE163nnn/GSE163802/matrix/GSE163802_series_matrix.txt.gz",4947,"5e9d44aa1f5565493fa5933b741f7225","2026-09-16T14:31:43","OK"
"GSE163803",,"GSE163803_series_matrix.txt.gz","https://ftp.ncbi.nlm.nih.gov/geo/series/GSE163nnn/GSE163803/matrix/GSE163803_series_matrix.txt.gz",4101,"86318a61cb17310824085e51d1f4ee98","2026-09-16T14:31:44","OK"
"GSE163805","GPL18573","GSE163805-GPL18573_series_matrix.txt.gz","https://ftp.ncbi.nlm.nih.gov/geo/series/GSE163nnn/GSE163805/matrix/GSE163805-GPL18573_series_matrix.txt.gz",8303,"f7b559b865181b04d79ab7d3e0af87d8","2026-09-16T14:31:44","OK"
"GSE163805","GPL19132","GSE163805-GPL19132_series_matrix.txt.gz","https://ftp.ncbi.nlm.nih.gov/geo/series/GSE163nnn/GSE163805/matrix/GSE163805-GPL19132_series_matrix.txt.gz",3093,"2f2be54f50bc3272642724cacb490770","2026-09-16T14:31:44","OK"
"GSE164437",,"GSE164437_series_matrix.txt.gz","https://ftp.ncbi.nlm.nih.gov/geo/series/GSE164nnn/GSE164437/matrix/GSE164437_series_matrix.txt.gz",3176,"0bcc2adf6a5a48f2dbdecdaf661e77f6","2026-09-16T14:31:45","OK"
"GSE164559",,"GSE164559_series_matrix.txt.gz","https://ftp.ncbi.nlm.nih.gov/geo/series/GSE164nnn/GSE164559/matrix/GSE164559_series_matrix.txt.gz",2951,"335b31aa0c4d6b0ca30e7ae992497a9d","2026-09-16T14:31:46","OK"
"GSE165736","GPL16791","GSE165736-GPL16791_series_matrix.txt.gz","https://ftp.ncbi.nlm.nih.gov/geo/series/GSE165nnn/GSE165736/matrix/GSE165736-GPL16791_series_matrix.txt.gz",2262,"d542cb058674c5617f8468d9e733f576","2026-09-16T14:31:47","OK"
"GSE165736","GPL18573","GSE165736-GPL18573_series_matrix.txt.gz","https://ftp.ncbi.nlm.nih.gov/geo/series/GSE165nnn/GSE165736/matrix/GSE165736-GPL18573_series_matrix.txt.gz",3539,"79ce8196f27882842e6cbff87b403ad1","2026-09-16T14:31:47","OK"
"GSE165736","GPL20301","GSE165736-GPL20301_series_matrix.txt.gz","https://ftp.ncbi.nlm.nih.gov/geo/series/GSE165nnn/GSE165736/matrix/GSE165736-GPL20301_series_matrix.txt.gz",2237,"3422d884fdceb4697b951c0e4f5774bb","2026-09-16T14:31:47","OK"
"GSE165736","GPL21103","GSE165736-GPL21103_series_matrix.txt.gz","https://ftp.ncbi.nlm.nih.gov/geo/series/GSE165nnn/GSE165736/matrix/GSE165736-GPL21103_series_matrix.txt.gz",3713,"40625f39384976dbe4a6047757a3769b","2026-09-16T14:31:47","OK"
"GSE166591",,"GSE166591_series_matrix.txt.gz","https://ftp.ncbi.nlm.nih.gov/geo/series/GSE166nnn/GSE166591/matrix/GSE166591_series_matrix.txt.gz",3070,"54b0bcddbdec4204a8dabc8c1886c857","2026-09-16T14:31:48","OK"
"GSE167005",,"GSE167005_series_matrix.txt.gz","https://ftp.ncbi.nlm.nih.gov/geo/series/GSE167nnn/GSE167005/matrix/GSE167005_series_matrix.txt.gz",2823,"0b9e188c0236f5a25b5bcce904ee1608","2026-09-16T14:31:48","OK"
"GSE167163","GPL16791","GSE167163-GPL16791_series_matrix.txt.gz","https://ftp.ncbi.nlm.nih.gov/geo/series/GSE167nnn/GSE167163/matrix/GSE167163-GPL16791_series_matrix.txt.gz",4797,"12dc3f00eff176ab44bcef283449780f","2026-09-16T14:31:49","OK"
"GSE167163","GPL24676","GSE167163-GPL24676_series_matrix.txt.gz","https://ftp.ncbi.nlm.nih.gov/geo/series/GSE167nnn/GSE167163/matrix/GSE167163-GPL24676_series_matrix.txt.gz",7296,"28499fdfc4aaa6ae76ebec01e039a1b5","2026-09-16T14:31:49","OK"
"GSE168462",,"GSE168462_series_matrix.txt.gz","https://ftp.ncbi.nlm.nih.gov/geo/series/GSE168nnn/GSE168462/matrix/GSE168462_series_matrix.txt.gz",6650,"e583d0d5ed7943717a2b2a0af49f5b49","2026-09-16T14:31:50","OK"
"GSE168463",,"GSE168463_series_matrix.txt.gz","https://ftp.ncbi.nlm.nih.gov/geo/series/GSE168nnn/GSE168463/matrix/GSE168463_series_matrix.txt.gz",10608,"608ca317234aea248e7a9de49b26b2f6","2026-09-16T14:31:51","OK"
"GSE168648","GPL20301","GSE168648-GPL20301_series_matrix.txt.gz","https://ftp.ncbi.nlm.nih.gov/geo/series/GSE168nnn/GSE168648/matrix/GSE168648-GPL20301_series_matrix.txt.gz",3635,"c78007dac8c97f992a449856b5496be0","2026-09-16T14:31:51","OK"
"GSE168648","GPL24676","GSE168648-GPL24676_series_matrix.txt.gz","https://ftp.ncbi.nlm.nih.gov/geo/series/GSE168nnn/GSE168648/matrix/GSE168648-GPL24676_series_matrix.txt.gz",5347,"44106b59ea0bd428826a09dc8393c248","2026-09-16T14:31:51","OK"
"GSE168649","GPL20301","GSE168649-GPL20301_series_matrix.txt.gz","https://ftp.ncbi.nlm.nih.gov/geo/series/GSE168nnn/GSE168649/matrix/GSE168649-GPL20301_series_matrix.txt.gz",3082,"dae01e6621447223579f2b9db4df8fc9","2026-09-16T14:31:52","OK"
"GSE168649","GPL24676","GSE168649-GPL24676_series_matrix.txt.gz","https://ftp.ncbi.nlm.nih.gov/geo/series/GSE168nnn/GSE168649/matrix/GSE168649-GPL24676_series_matrix.txt.gz",9281,"fd56ba255753a1a3ef8a171953f83a22","2026-09-16T14:31:52","OK"
"GSE168780",,"GSE168780_series_matrix.txt.gz","https://ftp.ncbi.nlm.nih.gov/geo/series/GSE168nnn/GSE168780/matrix/GSE168780_series_matrix.txt.gz",2720733,"afe15ed31d1bd85519aee01850b96110","2026-09-16T14:31:53","OK"
"GSE172189",,"GSE172189_series_matrix.txt.gz","https://ftp.ncbi.nlm.nih.gov/geo/series/GSE172nnn/GSE172189/matrix/GSE172189_series_matrix.txt.gz",3163,"ad9cbdc556e7e29c3fa10de165589efa","2026-09-16T14:31:54","OK"
"GSE172333","GPL13112","GSE172333-GPL13112_series_matrix.txt.gz","https://ftp.ncbi.nlm.nih.gov/geo/series/GSE172nnn/GSE172333/matrix/GSE172333-GPL13112_series_matrix.txt.gz",4823,"ba007dbc95ea58e70f230c6c9104bee1","2026-09-16T14:31:54","OK"
"GSE172333","GPL18573","GSE172333-GPL18573_series_matrix.txt.gz","https://ftp.ncbi.nlm.nih.gov/geo/series/GSE172nnn/GSE172333/matrix/GSE172333-GPL18573_series_matrix.txt.gz",7683,"fc3b1f12bd58a9d5164e4dff0dd4927f","2026-09-16T14:31:54","OK"
"GSE172333","GPL19057","GSE172333-GPL19057_series_matrix.txt.gz","https://ftp.ncbi.nlm.nih.gov/geo/series/GSE172nnn/GSE172333/matrix/GSE172333-GPL19057_series_matrix.txt.gz",3951,"9233ca050d474aa71b09371b6d2ea1c5","2026-09-16T14:31:55","OK"
"GSE172333","GPL24676","GSE172333-GPL24676_series_matrix.txt.gz","https://ftp.ncbi.nlm.nih.gov/geo/series/GSE172nnn/GSE172333/matrix/GSE172333-GPL24676_series_matrix.txt.gz",3347,"93ecbc98c4adaed35c0478d64a5029f4","2026-09-16T14:31:55","OK"
"GSE172335","GPL13112","GSE172335-GPL13112_series_matrix.txt.gz","https://ftp.ncbi.nlm.nih.gov/geo/series/GSE172nnn/GSE172335/matrix/GSE172335-GPL13112_series_matrix.txt.gz",4490,"dc50a7d87c141594b9001d2c3f833f02","2026-09-16T14:31:55","OK"
"GSE172335","GPL17021","GSE172335-GPL17021_series_matrix.txt.gz","https://ftp.ncbi.nlm.nih.gov/geo/series/GSE172nnn/GSE172335/matrix/GSE172335-GPL17021_series_matrix.txt.gz",5640,"14e350af3903cecfbd08735763acafce","2026-09-16T14:31:55","OK"
"GSE172335","GPL18573","GSE172335-GPL18573_series_matrix.txt.gz","https://ftp.ncbi.nlm.nih.gov/geo/series/GSE172nnn/GSE172335/matrix/GSE172335-GPL18573_series_matrix.txt.gz",19363,"7ea16c0af8c5e8fd35341b57a9f1e91a","2026-09-16T14:31:56","OK"
"GSE172335","GPL19057","GSE172335-GPL19057_series_matrix.txt.gz","https://ftp.ncbi.nlm.nih.gov/geo/series/GSE172nnn/GSE172335/matrix/GSE172335-GPL19057_series_matrix.txt.gz",13804,"4439276cc47fb2972e4c51ae70f82843","2026-09-16T14:31:56","OK"
"GSE172335","GPL24676","GSE172335-GPL24676_series_matrix.txt.gz","https://ftp.ncbi.nlm.nih.gov/geo/series/GSE172nnn/GSE172335/matrix/GSE172335-GPL24676_series_matrix.txt.gz",3008,"87757534e387c26b346308428eb71a97","2026-09-16T14:31:56","OK"
"GSE173531",,"GSE173531_series_matrix.txt.gz","https://ftp.ncbi.nlm.nih.gov/geo/series/GSE173nnn/GSE173531/matrix/GSE173531_series_matrix.txt.gz",2440,"584ed3e062f762066adba4bc808842f5","2026-09-16T14:31:56","OK"
"GSE173995",,"GSE173995_series_matrix.txt.gz","https://ftp.ncbi.nlm.nih.gov/geo/series/GSE173nnn/GSE173995/matrix/GSE173995_series_matrix.txt.gz",4570,"26b02bce26dd682cb78bb63aa020765a","2026-09-16T14:31:57","OK"
"GSE175507",,"GSE175507_series_matrix.txt.gz","https://ftp.ncbi.nlm.nih.gov/geo/series/GSE175nnn/GSE175507/matrix/GSE175507_series_matrix.txt.gz",4093,"a3a4015275a44cb07e11cd7e68151559","2026-09-16T14:31:58","OK"
"GSE175596","GPL18573","GSE175596-GPL18573_series_matrix.txt.gz","https://ftp.ncbi.nlm.nih.gov/geo/series/GSE175nnn/GSE175596/matrix/GSE175596-GPL18573_series_matrix.txt.gz",3889,"96092fc8a1d2af69bede37bcead43424","2026-09-16T14:31:58","OK"
"GSE175596","GPL19057","GSE175596-GPL19057_series_matrix.txt.gz","https://ftp.ncbi.nlm.nih.gov/geo/series/GSE175nnn/GSE175596/matrix/GSE175596-GPL19057_series_matrix.txt.gz",5508,"72d836d6f9f9d0361f6534282d009e85","2026-09-16T14:31:58","OK"
"GSE175597","GPL18573","GSE175597-GPL18573_series_matrix.txt.gz","https://ftp.ncbi.nlm.nih.gov/geo/series/GSE175nnn/GSE175597/matrix/GSE175597-GPL18573_series_matrix.txt.gz",3769,"9319d7c3d08f98db81a2c95bd345809b","2026-09-16T14:31:59","OK"
"GSE175597","GPL19057","GSE175597-GPL19057_series_matrix.txt.gz","https://ftp.ncbi.nlm.nih.gov/geo/series/GSE175nnn/GSE175597/matrix/GSE175597-GPL19057_series_matrix.txt.gz",8620,"5979e5b2527a591fe54b7628431cc8c4","2026-09-16T14:31:59","OK"
"GSE176523",,"GSE176523_series_matrix.txt.gz","https://ftp.ncbi.nlm.nih.gov/geo/series/GSE176nnn/GSE176523/matrix/GSE176523_series_matrix.txt.gz",3771,"98d8b79c68ccc3af695731558cc52a0b","2026-09-16T14:32:00","OK"
"GSE176524",,"GSE176524_series_matrix.txt.gz","https://ftp.ncbi.nlm.nih.gov/geo/series/GSE176nnn/GSE176524/matrix/GSE176524_series_matrix.txt.gz",4548,"2f531804da0a61398d533597e05d2286","2026-09-16T14:32:00","OK"
"GSE176559",,"GSE176559_series_matrix.txt.gz","https://ftp.ncbi.nlm.nih.gov/geo/series/GSE176nnn/GSE176559/matrix/GSE176559_series_matrix.txt.gz",2895,"30ab5450985c6c0e0299b4746fc7e8a3","2026-09-16T14:32:01","OK"
"GSE178787",,"GSE178787_series_matrix.txt.gz","https://ftp.ncbi.nlm.nih.gov/geo/series/GSE178nnn/GSE178787/matrix/GSE178787_series_matrix.txt.gz",3482,"2466f4e40ac8fd551e5babf71a5fe17d","2026-09-16T14:32:01","OK"
"GSE178940",,"GSE178940_series_matrix.txt.gz","https://ftp.ncbi.nlm.nih.gov/geo/series/GSE178nnn/GSE178940/matrix/GSE178940_series_matrix.txt.gz",2232,"a362e244ceb85fb40f5d933ecf09dd77","2026-09-16T14:32:02","OK"
"GSE179826","GPL17021","GSE179826-GPL17021_series_matrix.txt.gz","https://ftp.ncbi.nlm.nih.gov/geo/series/GSE179nnn/GSE179826/matrix/GSE179826-GPL17021_series_matrix.txt.gz",3200,"0b507f20f5f3208f6772bce145992931","2026-09-16T14:32:03","OK"
"GSE179826","GPL18573","GSE179826-GPL18573_series_matrix.txt.gz","https://ftp.ncbi.nlm.nih.gov/geo/series/GSE179nnn/GSE179826/matrix/GSE179826-GPL18573_series_matrix.txt.gz",2229,"00f536c1e8087e4b7367016805291fb3","2026-09-16T14:32:03","OK"
"GSE179826","GPL9185","GSE179826-GPL9185_series_matrix.txt.gz","https://ftp.ncbi.nlm.nih.gov/geo/series/GSE179nnn/GSE179826/matrix/GSE179826-GPL9185_series_matrix.txt.gz",2372,"480e1dca087f3dc5b8940ea7ebbce361","2026-09-16T14:32:03","OK"
"GSE180180",,"GSE180180_series_matrix.txt.gz","https://ftp.ncbi.nlm.nih.gov/geo/series/GSE180nnn/GSE180180/matrix/GSE180180_series_matrix.txt.gz",2835,"fab313f44af2cd0b61b05180c52f6ed8","2026-09-16T14:32:04","OK"
"GSE180181",,"GSE180181_series_matrix.txt.gz","https://ftp.ncbi.nlm.nih.gov/geo/series/GSE180nnn/GSE180181/matrix/GSE180181_series_matrix.txt.gz",2847,"5caa3e7ad857561ca307e6cb41f12947","2026-09-16T14:32:04","OK"
"GSE181003",,"GSE181003_series_matrix.txt.gz","https://ftp.ncbi.nlm.nih.gov/geo/series/GSE181nnn/GSE181003/matrix/GSE181003_series_matrix.txt.gz",2091,"e4d1ef2fa58897c2998e24d492eaee4a","2026-09-16T14:32:05","OK"
"GSE181176",,"GSE181176_series_matrix.txt.gz","https://ftp.ncbi.nlm.nih.gov/geo/series/GSE181nnn/GSE181176/matrix/GSE181176_series_matrix.txt.gz",2080,"039a3761ebf657d240d80bae75434e74","2026-09-16T14:32:05","OK"
"GSE181519","GPL20795","GSE181519-GPL20795_series_matrix.txt.gz","https://ftp.ncbi.nlm.nih.gov/geo/series/GSE181nnn/GSE181519/matrix/GSE181519-GPL20795_series_matrix.txt.gz",4509,"f7d4864986eee2f0c04b2455cd6e4e36","2026-09-16T14:32:06","OK"
"GSE181519","GPL24676","GSE181519-GPL24676_series_matrix.txt.gz","https://ftp.ncbi.nlm.nih.gov/geo/series/GSE181nnn/GSE181519/matrix/GSE181519-GPL24676_series_matrix.txt.gz",3655,"3c09a8272f864c283697c4a4c4382d8b","2026-09-16T14:32:06","OK"
"GSE181586","GPL18573","GSE181586-GPL18573_series_matrix.txt.gz","https://ftp.ncbi.nlm.nih.gov/geo/series/GSE181nnn/GSE181586/matrix/GSE181586-GPL18573_series_matrix.txt.gz",2576,"37f63cc6c5847f20c8accfbbe1b984ed","2026-09-16T14:32:07","OK"
"GSE181586","GPL24676","GSE181586-GPL24676_series_matrix.txt.gz","https://ftp.ncbi.nlm.nih.gov/geo/series/GSE181nnn/GSE181586/matrix/GSE181586-GPL24676_series_matrix.txt.gz",2592,"a6a6df5ce89ab1369b4a3527c1d72399","2026-09-16T14:32:07","OK"
"GSE182018",,"GSE182018_series_matrix.txt.gz","https://ftp.ncbi.nlm.nih.gov/geo/series/GSE182nnn/GSE182018/matrix/GSE182018_series_matrix.txt.gz",2765,"e070b67af48c779929ffa09873a20c74","2026-09-16T14:32:08","OK"
"GSE182020",,"GSE182020_series_matrix.txt.gz","https://ftp.ncbi.nlm.nih.gov/geo/series/GSE182nnn/GSE182020/matrix/GSE182020_series_matrix.txt.gz",2204,"8b58e36430568332285417120c1bd1d6","2026-09-16T14:32:08","OK"
"GSE182023",,"GSE182023_series_matrix.txt.gz","https://ftp.ncbi.nlm.nih.gov/geo/series/GSE182nnn/GSE182023/matrix/GSE182023_series_matrix.txt.gz",5106,"400bd34992faa7e71b3c46619666c430","2026-09-16T14:32:09","OK"
"GSE182150","GPL16791","GSE182150-GPL16791_series_matrix.txt.gz","https://ftp.ncbi.nlm.nih.gov/geo/series/GSE182nnn/GSE182150/matrix/GSE182150-GPL16791_series_matrix.txt.gz",2910,"22bcecfe233c16cb2d29c38e67fd870d","2026-09-16T14:32:09","OK"
"GSE182150","GPL18573","GSE182150-GPL18573_series_matrix.txt.gz","https://ftp.ncbi.nlm.nih.gov/geo/series/GSE182nnn/GSE182150/matrix/GSE182150-GPL18573_series_matrix.txt.gz",7620,"5d1df1615a544a8c2276ca60431aec8a","2026-09-16T14:32:09","OK"
"GSE182150","GPL20301","GSE182150-GPL20301_series_matrix.txt.gz","https://ftp.ncbi.nlm.nih.gov/geo/series/GSE182nnn/GSE182150/matrix/GSE182150-GPL20301_series_matrix.txt.gz",3174,"a24f2fa154a362ce6bfc696cccc2e86f","2026-09-16T14:32:10","OK"
"GSE182150","GPL23227","GSE182150-GPL23227_series_matrix.txt.gz","https://ftp.ncbi.nlm.nih.gov/geo/series/GSE182nnn/GSE182150/matrix/GSE182150-GPL23227_series_matrix.txt.gz",3016,"10533cbc937ed7ff76c06a33da427b12","2026-09-16T14:32:10","OK"
"GSE182150","GPL24676","GSE182150-GPL24676_series_matrix.txt.gz","https://ftp.ncbi.nlm.nih.gov/geo/series/GSE182nnn/GSE182150/matrix/GSE182150-GPL24676_series_matrix.txt.gz",3448,"72a91b5bf4fec6c5c53798ed39c934f6","2026-09-16T14:32:10","OK"
"GSE182401",,"GSE182401_series_matrix.txt.gz","https://ftp.ncbi.nlm.nih.gov/geo/series/GSE182nnn/GSE182401/matrix/GSE182401_series_matrix.txt.gz",2959,"38c1a00a79b4d75f7e558ff4f2b7583b","2026-09-16T14:32:10","OK"
"GSE183036",,"GSE183036_series_matrix.txt.gz","https://ftp.ncbi.nlm.nih.gov/geo/series/GSE183nnn/GSE183036/matrix/GSE183036_series_matrix.txt.gz",2224,"f5c184229581e4a9db6231e862005031","2026-09-16T14:32:11","OK"
"GSE184850",,"GSE184850_series_matrix.txt.gz","https://ftp.ncbi.nlm.nih.gov/geo/series/GSE184nnn/GSE184850/matrix/GSE184850_series_matrix.txt.gz",2963,"b34de99c4f3c38c77b08c0233884e64c","2026-09-16T14:32:12","OK"
"GSE184889",,"GSE184889_series_matrix.txt.gz","https://ftp.ncbi.nlm.nih.gov/geo/series/GSE184nnn/GSE184889/matrix/GSE184889_series_matrix.txt.gz",2345,"fe99a13e3883033e626401da5a0c095f","2026-09-16T14:32:12","OK"
"GSE185091","GPL18573","GSE185091-GPL18573_series_matrix.txt.gz","https://ftp.ncbi.nlm.nih.gov/geo/series/GSE185nnn/GSE185091/matrix/GSE185091-GPL18573_series_matrix.txt.gz",3375,"d3e37d919eb0882d15f2f8f21960adcb","2026-09-16T14:32:13","OK"
"GSE185091","GPL30173","GSE185091-GPL30173_series_matrix.txt.gz","https://ftp.ncbi.nlm.nih.gov/geo/series/GSE185nnn/GSE185091/matrix/GSE185091-GPL30173_series_matrix.txt.gz",3274,"b9268fa37c85ffbeac822e4036016ec0","2026-09-16T14:32:13","OK"
"GSE185094","GPL18573","GSE185094-GPL18573_series_matrix.txt.gz","https://ftp.ncbi.nlm.nih.gov/geo/series/GSE185nnn/GSE185094/matrix/GSE185094-GPL18573_series_matrix.txt.gz",4848,"1ac2d12de119925805fc7d7aba9fa293","2026-09-16T14:32:14","OK"
"GSE185094","GPL30173","GSE185094-GPL30173_series_matrix.txt.gz","https://ftp.ncbi.nlm.nih.gov/geo/series/GSE185nnn/GSE185094/matrix/GSE185094-GPL30173_series_matrix.txt.gz",3410,"77bc4c9428c59b6bbd9700be1293da5c","2026-09-16T14:32:14","OK"
"GSE185299",,"GSE185299_series_matrix.txt.gz","https://ftp.ncbi.nlm.nih.gov/geo/series/GSE185nnn/GSE185299/matrix/GSE185299_series_matrix.txt.gz",1894,"08d4affe451c7ad17435d8f6998b1626","2026-09-16T14:32:14","OK"
"GSE185519",,"GSE185519_series_matrix.txt.gz","https://ftp.ncbi.nlm.nih.gov/geo/series/GSE185nnn/GSE185519/matrix/GSE185519_series_matrix.txt.gz",3625,"49cb8804045855205707f07e6f19b80a","2026-09-16T14:32:15","OK"
"GSE186132",,"GSE186132_series_matrix.txt.gz","https://ftp.ncbi.nlm.nih.gov/geo/series/GSE186nnn/GSE186132/matrix/GSE186132_series_matrix.txt.gz",7551,"1b458a8d68e130ea35ac2335b5abaecb","2026-09-16T14:32:16","OK"
"GSE186709","GPL20301","GSE186709-GPL20301_series_matrix.txt.gz","https://ftp.ncbi.nlm.nih.gov/geo/series/GSE186nnn/GSE186709/matrix/GSE186709-GPL20301_series_matrix.txt.gz",3541,"5592fff82b8999ed9b0afd55be7bda5d","2026-09-16T14:32:16","OK"
"GSE186709","GPL21103","GSE186709-GPL21103_series_matrix.txt.gz","https://ftp.ncbi.nlm.nih.gov/geo/series/GSE186nnn/GSE186709/matrix/GSE186709-GPL21103_series_matrix.txt.gz",3155,"79d58bf2713d038c07c33c7f0a68e2c8","2026-09-16T14:32:16","OK"
"GSE186711","GPL19057","GSE186711-GPL19057_series_matrix.txt.gz","https://ftp.ncbi.nlm.nih.gov/geo/series/GSE186nnn/GSE186711/matrix/GSE186711-GPL19057_series_matrix.txt.gz",4693,"8edc49dc376a35e50a46279a42f6570c","2026-09-16T14:32:17","OK"
"GSE186711","GPL20301","GSE186711-GPL20301_series_matrix.txt.gz","https://ftp.ncbi.nlm.nih.gov/geo/series/GSE186nnn/GSE186711/matrix/GSE186711-GPL20301_series_matrix.txt.gz",2850,"2c7c5630649d597c937b220ab77a6314","2026-09-16T14:32:17","OK"
"GSE186711","GPL21103","GSE186711-GPL21103_series_matrix.txt.gz","https://ftp.ncbi.nlm.nih.gov/geo/series/GSE186nnn/GSE186711/matrix/GSE186711-GPL21103_series_matrix.txt.gz",2481,"6a98048ecf40f31923c86654060b7297","2026-09-16T14:32:17","OK"
"GSE187285",,"GSE187285_series_matrix.txt.gz","https://ftp.ncbi.nlm.nih.gov/geo/series/GSE187nnn/GSE187285/matrix/GSE187285_series_matrix.txt.gz",3456172,"6d13c7c73dd5467e1401322a08ac6569","2026-09-16T14:32:18","OK"
"GSE187293","GPL16686","GSE187293-GPL16686_series_matrix.txt.gz","https://ftp.ncbi.nlm.nih.gov/geo/series/GSE187nnn/GSE187293/matrix/GSE187293-GPL16686_series_matrix.txt.gz",3456028,"175d0ec03793528f6a310852575b848b","2026-09-16T14:32:19","OK"
"GSE187293","GPL21145","GSE187293-GPL21145_series_matrix.txt.gz","https://ftp.ncbi.nlm.nih.gov/geo/series/GSE187nnn/GSE187293/matrix/GSE187293-GPL21145_series_matrix.txt.gz",83751918,"e4880af5a46fe1e623c9be76247a646b","2026-09-16T14:32:27","OK"
"GSE188392",,"GSE188392_series_matrix.txt.gz","https://ftp.ncbi.nlm.nih.gov/geo/series/GSE188nnn/GSE188392/matrix/GSE188392_series_matrix.txt.gz",2396,"8405e780c8265426a5e85d04b1a4bb65","2026-09-16T14:32:28","OK"
"GSE189773",,"GSE189773_series_matrix.txt.gz","https://ftp.ncbi.nlm.nih.gov/geo/series/GSE189nnn/GSE189773/matrix/GSE189773_series_matrix.txt.gz",5070,"13e206c7b00de1cb923e0bb254791add","2026-09-16T14:32:28","OK"
"GSE189893",,"GSE189893_series_matrix.txt.gz","https://ftp.ncbi.nlm.nih.gov/geo/series/GSE189nnn/GSE189893/matrix/GSE189893_series_matrix.txt.gz",3399,"03befda596dc2b230a8e4e552db11a05","2026-09-16T14:32:29","OK"
"GSE190341",,"GSE190341_series_matrix.txt.gz","https://ftp.ncbi.nlm.nih.gov/geo/series/GSE190nnn/GSE190341/matrix/GSE190341_series_matrix.txt.gz",2816,"792053061d1887051e0e6caa7c79c076","2026-09-16T14:32:30","OK"
"GSE190517",,"GSE190517_series_matrix.txt.gz","https://ftp.ncbi.nlm.nih.gov/geo/series/GSE190nnn/GSE190517/matrix/GSE190517_series_matrix.txt.gz",4204,"8223725ef969db8d61f4f037c4b81560","2026-09-16T14:32:30","OK"
"GSE190722",,"GSE190722_series_matrix.txt.gz","https://ftp.ncbi.nlm.nih.gov/geo/series/GSE190nnn/GSE190722/matrix/GSE190722_series_matrix.txt.gz",3415,"a37c208599393191a996fcb26432aed8","2026-09-16T14:32:31","OK"
"GSE190723","GPL18573","GSE190723-GPL18573_series_matrix.txt.gz","https://ftp.ncbi.nlm.nih.gov/geo/series/GSE190nnn/GSE190723/matrix/GSE190723-GPL18573_series_matrix.txt.gz",4734,"0479d0f2e161a6adca4c0c62225dba26","2026-09-16T14:32:31","OK"
"GSE190723","GPL24676","GSE190723-GPL24676_series_matrix.txt.gz","https://ftp.ncbi.nlm.nih.gov/geo/series/GSE190nnn/GSE190723/matrix/GSE190723-GPL24676_series_matrix.txt.gz",3367,"d9e4a00f4b9dc2fdb588a487381290f8","2026-09-16T14:32:32","OK"
"GSE190785","GPL18573","GSE190785-GPL18573_series_matrix.txt.gz","https://ftp.ncbi.nlm.nih.gov/geo/series/GSE190nnn/GSE190785/matrix/GSE190785-GPL18573_series_matrix.txt.gz",10220,"0f7a57af63966a1c618f30739d88eff8","2026-09-16T14:32:32","OK"
"GSE190785","GPL20301","GSE190785-GPL20301_series_matrix.txt.gz","https://ftp.ncbi.nlm.nih.gov/geo/series/GSE190nnn/GSE190785/matrix/GSE190785-GPL20301_series_matrix.txt.gz",5400,"16bd2e9ae8d5d3efd624e8d57c5c8765","2026-09-16T14:32:32","OK"
"GSE190785","GPL23227","GSE190785-GPL23227_series_matrix.txt.gz","https://ftp.ncbi.nlm.nih.gov/geo/series/GSE190nnn/GSE190785/matrix/GSE190785-GPL23227_series_matrix.txt.gz",4203,"fcfc5620cfcdfe294e2b796f27563d83","2026-09-16T14:32:32","OK"
"GSE190785","GPL24676","GSE190785-GPL24676_series_matrix.txt.gz","https://ftp.ncbi.nlm.nih.gov/geo/series/GSE190nnn/GSE190785/matrix/GSE190785-GPL24676_series_matrix.txt.gz",5679,"0f0179806cc01aa04f23e94a304b6761","2026-09-16T14:32:32","OK"
"GSE192562","GPL18573","GSE192562-GPL18573_series_matrix.txt.gz","https://ftp.ncbi.nlm.nih.gov/geo/series/GSE192nnn/GSE192562/matrix/GSE192562-GPL18573_series_matrix.txt.gz",4086,"f180f7ea49ab80b3a535f3981dc3c148","2026-09-16T14:32:33","OK"
"GSE192562","GPL19057","GSE192562-GPL19057_series_matrix.txt.gz","https://ftp.ncbi.nlm.nih.gov/geo/series/GSE192nnn/GSE192562/matrix/GSE192562-GPL19057_series_matrix.txt.gz",4099,"0983d8b974a40465092b49b40c1e1dea","2026-09-16T14:32:33","OK"
"GSE192775","GPL18573","GSE192775-GPL18573_series_matrix.txt.gz","https://ftp.ncbi.nlm.nih.gov/geo/series/GSE192nnn/GSE192775/matrix/GSE192775-GPL18573_series_matrix.txt.gz",3995,"1e8fed014b7f2042858e03e6a01572a4","2026-09-16T14:32:34","OK"
"GSE192775","GPL19057","GSE192775-GPL19057_series_matrix.txt.gz","https://ftp.ncbi.nlm.nih.gov/geo/series/GSE192nnn/GSE192775/matrix/GSE192775-GPL19057_series_matrix.txt.gz",2888,"c2ced2300e6b1312351c5fc5f756782b","2026-09-16T14:32:34","OK"
"GSE192775","GPL24247","GSE192775-GPL24247_series_matrix.txt.gz","https://ftp.ncbi.nlm.nih.gov/geo/series/GSE192nnn/GSE192775/matrix/GSE192775-GPL24247_series_matrix.txt.gz",4906,"9681c3f257bb5db38b6cd789c3fb0783","2026-09-16T14:32:34","OK"
"GSE192775","GPL24676","GSE192775-GPL24676_series_matrix.txt.gz","https://ftp.ncbi.nlm.nih.gov/geo/series/GSE192nnn/GSE192775/matrix/GSE192775-GPL24676_series_matrix.txt.gz",3043,"773bda19b5353a143a3faabd95d26f40","2026-09-16T14:32:34","OK"
"GSE192779","GPL18573","GSE192779-GPL18573_series_matrix.txt.gz","https://ftp.ncbi.nlm.nih.gov/geo/series/GSE192nnn/GSE192779/matrix/GSE192779-GPL18573_series_matrix.txt.gz",4306,"9395cb90047d8b8ad9ad4eb83030498a","2026-09-16T14:32:35","OK"
"GSE192779","GPL19057","GSE192779-GPL19057_series_matrix.txt.gz","https://ftp.ncbi.nlm.nih.gov/geo/series/GSE192nnn/GSE192779/matrix/GSE192779-GPL19057_series_matrix.txt.gz",3203,"e7e66fd35160189fd52418915f6d1d7b","2026-09-16T14:32:35","OK"
"GSE192779","GPL24247","GSE192779-GPL24247_series_matrix.txt.gz","https://ftp.ncbi.nlm.nih.gov/geo/series/GSE192nnn/GSE192779/matrix/GSE192779-GPL24247_series_matrix.txt.gz",5394,"443e1b1ddf4331d49b62f990d2b6f978","2026-09-16T14:32:35","OK"
"GSE192779","GPL24676","GSE192779-GPL24676_series_matrix.txt.gz","https://ftp.ncbi.nlm.nih.gov/geo/series/GSE192nnn/GSE192779/matrix/GSE192779-GPL24676_series_matrix.txt.gz",2496,"3c10b4c1d1e45a375519f25e35f54f36","2026-09-16T14:32:35","OK"
"GSE192975",,"GSE192975_series_matrix.txt.gz","https://ftp.ncbi.nlm.nih.gov/geo/series/GSE192nnn/GSE192975/matrix/GSE192975_series_matrix.txt.gz",4472,"aad786551efb0c9a6959eb298c83ad4f","2026-09-16T14:32:36","OK"
"GSE193721",,"GSE193721_series_matrix.txt.gz","https://ftp.ncbi.nlm.nih.gov/geo/series/GSE193nnn/GSE193721/matrix/GSE193721_series_matrix.txt.gz",1960,"0761e9cbb89f240686ac80209179e31b","2026-09-16T14:32:37","OK"
"GSE193832",,"GSE193832_series_matrix.txt.gz","https://ftp.ncbi.nlm.nih.gov/geo/series/GSE193nnn/GSE193832/matrix/GSE193832_series_matrix.txt.gz",2203,"44a992ab86aa500080d4e71a45611c50","2026-09-16T14:32:37","OK"
"GSE196477",,"GSE196477_series_matrix.txt.gz","https://ftp.ncbi.nlm.nih.gov/geo/series/GSE196nnn/GSE196477/matrix/GSE196477_series_matrix.txt.gz",3598,"c1731c094c5b40ff8097c4516e991529","2026-09-16T14:32:38","OK"
"GSE196480",,"GSE196480_series_matrix.txt.gz","https://ftp.ncbi.nlm.nih.gov/geo/series/GSE196nnn/GSE196480/matrix/GSE196480_series_matrix.txt.gz",16365,"1445c742a773235924cd2b1dc3471357","2026-09-16T14:32:38","OK"
"GSE196693",,"GSE196693_series_matrix.txt.gz","https://ftp.ncbi.nlm.nih.gov/geo/series/GSE196nnn/GSE196693/matrix/GSE196693_series_matrix.txt.gz",2387,"e45e5f4d49af55f0fa4057c1ce0316e0","2026-09-16T14:32:39","OK"
"GSE197062",,"GSE197062_series_matrix.txt.gz","https://ftp.ncbi.nlm.nih.gov/geo/series/GSE197nnn/GSE197062/matrix/GSE197062_series_matrix.txt.gz",2433,"09289141ad836eef32019b04c0947369","2026-09-16T14:32:40","OK"
"GSE197164",,"GSE197164_series_matrix.txt.gz","https://ftp.ncbi.nlm.nih.gov/geo/series/GSE197nnn/GSE197164/matrix/GSE197164_series_matrix.txt.gz",2992,"b87882869f967d5b9d9d7b077b7da6b7","2026-09-16T14:32:40","OK"
"GSE197365",,"GSE197365_series_matrix.txt.gz","https://ftp.ncbi.nlm.nih.gov/geo/series/GSE197nnn/GSE197365/matrix/GSE197365_series_matrix.txt.gz",3326,"080112b97acb392e12eb0bd4d0e83707","2026-09-16T14:32:41","OK"
"GSE197377","GPL19057","GSE197377-GPL19057_series_matrix.txt.gz","https://ftp.ncbi.nlm.nih.gov/geo/series/GSE197nnn/GSE197377/matrix/GSE197377-GPL19057_series_matrix.txt.gz",3226,"70ddd53ed4825232333224a5809b411f","2026-09-16T14:32:42","OK"
"GSE197377","GPL21290","GSE197377-GPL21290_series_matrix.txt.gz","https://ftp.ncbi.nlm.nih.gov/geo/series/GSE197nnn/GSE197377/matrix/GSE197377-GPL21290_series_matrix.txt.gz",3392,"e3836f571add77854fbe52cf71f22260","2026-09-16T14:32:42","OK"
"GSE197387","GPL19057","GSE197387-GPL19057_series_matrix.txt.gz","https://ftp.ncbi.nlm.nih.gov/geo/series/GSE197nnn/GSE197387/matrix/GSE197387-GPL19057_series_matrix.txt.gz",2416,"f41a07c95bd279f399c98107d766d777","2026-09-16T14:32:42","OK"
"GSE197387","GPL20301","GSE197387-GPL20301_series_matrix.txt.gz","https://ftp.ncbi.nlm.nih.gov/geo/series/GSE197nnn/GSE197387/matrix/GSE197387-GPL20301_series_matrix.txt.gz",2487,"9186cf7e061a09527b5473597a28c56d","2026-09-16T14:32:42","OK"
"GSE197387","GPL21290","GSE197387-GPL21290_series_matrix.txt.gz","https://ftp.ncbi.nlm.nih.gov/geo/series/GSE197nnn/GSE197387/matrix/GSE197387-GPL21290_series_matrix.txt.gz",9550,"f2c8cf3cedbf6a891335f99d9fe5b1f3","2026-09-16T14:32:43","OK"
"GSE197387","GPL21493","GSE197387-GPL21493_series_matrix.txt.gz","https://ftp.ncbi.nlm.nih.gov/geo/series/GSE197nnn/GSE197387/matrix/GSE197387-GPL21493_series_matrix.txt.gz",4591,"d8da13e2746d832d25294b6bb93f9011","2026-09-16T14:32:43","OK"
"GSE197405",,"GSE197405_series_matrix.txt.gz","https://ftp.ncbi.nlm.nih.gov/geo/series/GSE197nnn/GSE197405/matrix/GSE197405_series_matrix.txt.gz",636853,"7f2ed07d67f3fefca5e5cc4c2b1a55f5","2026-09-16T14:32:43","OK"
"GSE197417",,"GSE197417_series_matrix.txt.gz","https://ftp.ncbi.nlm.nih.gov/geo/series/GSE197nnn/GSE197417/matrix/GSE197417_series_matrix.txt.gz",2961,"059f4444afb45f62d9079a230d9f3b56","2026-09-16T14:32:44","OK"
"GSE197419",,"GSE197419_series_matrix.txt.gz","https://ftp.ncbi.nlm.nih.gov/geo/series/GSE197nnn/GSE197419/matrix/GSE197419_series_matrix.txt.gz",4427,"b0704b1ae441fc4f5881a9e218deaeb2","2026-09-16T14:32:45","OK"
"GSE198517","GPL21626","GSE198517-GPL21626_series_matrix.txt.gz","https://ftp.ncbi.nlm.nih.gov/geo/series/GSE198nnn/GSE198517/matrix/GSE198517-GPL21626_series_matrix.txt.gz",5180,"be1faf7cbb78016d8b92ab6d3fb78bc8","2026-09-16T14:32:45","OK"
"GSE198517","GPL21697","GSE198517-GPL21697_series_matrix.txt.gz","https://ftp.ncbi.nlm.nih.gov/geo/series/GSE198nnn/GSE198517/matrix/GSE198517-GPL21697_series_matrix.txt.gz",5779,"d1a0a8b8f189e6906af74ef5f43edf2c","2026-09-16T14:32:45","OK"
"GSE198517","GPL24247","GSE198517-GPL24247_series_matrix.txt.gz","https://ftp.ncbi.nlm.nih.gov/geo/series/GSE198nnn/GSE198517/matrix/GSE198517-GPL24247_series_matrix.txt.gz",6695,"30db7467fc5c9fed1b65d7af7cd84380","2026-09-16T14:32:45","OK"
"GSE198517","GPL24676","GSE198517-GPL24676_series_matrix.txt.gz","https://ftp.ncbi.nlm.nih.gov/geo/series/GSE198nnn/GSE198517/matrix/GSE198517-GPL24676_series_matrix.txt.gz",4018,"621ed9c725701dbdf4f72e866eb3115e","2026-09-16T14:32:46","OK"
"GSE198518",,"GSE198518_series_matrix.txt.gz","https://ftp.ncbi.nlm.nih.gov/geo/series/GSE198nnn/GSE198518/matrix/GSE198518_series_matrix.txt.gz",6410,"f5e73bc23951dbfb0274bdcccb50b082","2026-09-16T14:32:46","OK"
"GSE198982",,"GSE198982_series_matrix.txt.gz","https://ftp.ncbi.nlm.nih.gov/geo/series/GSE198nnn/GSE198982/matrix/GSE198982_series_matrix.txt.gz",2578,"ac085ed78c67340d72b87f367a27657d","2026-09-16T14:32:47","OK"
"GSE198986","GPL11154","GSE198986-GPL11154_series_matrix.txt.gz","https://ftp.ncbi.nlm.nih.gov/geo/series/GSE198nnn/GSE198986/matrix/GSE198986-GPL11154_series_matrix.txt.gz",2509,"31d41439c2ba1a6e17d444840ba89b60","2026-09-16T14:32:47","OK"
"GSE198986","GPL16791","GSE198986-GPL16791_series_matrix.txt.gz","https://ftp.ncbi.nlm.nih.gov/geo/series/GSE198nnn/GSE198986/matrix/GSE198986-GPL16791_series_matrix.txt.gz",4200,"d6826aa060e0fd99647c8cea41289361","2026-09-16T14:32:47","OK"
"GSE198986","GPL24676","GSE198986-GPL24676_series_matrix.txt.gz","https://ftp.ncbi.nlm.nih.gov/geo/series/GSE198nnn/GSE198986/matrix/GSE198986-GPL24676_series_matrix.txt.gz",2757,"7a0e026334a7fbfd06bb85e74bb5cc7d","2026-09-16T14:32:48","OK"
"GSE199159",,"GSE199159_series_matrix.txt.gz","https://ftp.ncbi.nlm.nih.gov/geo/series/GSE199nnn/GSE199159/matrix/GSE199159_series_matrix.txt.gz",3379,"0aeb1774bfc5b632e827e55d1f3296c1","2026-09-16T14:32:48","OK"
"GSE199204",,"GSE199204_series_matrix.txt.gz","https://ftp.ncbi.nlm.nih.gov/geo/series/GSE199nnn/GSE199204/matrix/GSE199204_series_matrix.txt.gz",3641,"e38ac4a9f309460ed1e30a224cea24c8","2026-09-16T14:32:49","OK"
"GSE199336","GPL11154","GSE199336-GPL11154_series_matrix.txt.gz","https://ftp.ncbi.nlm.nih.gov/geo/series/GSE199nnn/GSE199336/matrix/GSE199336-GPL11154_series_matrix.txt.gz",12269,"b431c15581feedb27d0d93f1497e331c","2026-09-16T14:32:49","OK"
"GSE199336","GPL24676","GSE199336-GPL24676_series_matrix.txt.gz","https://ftp.ncbi.nlm.nih.gov/geo/series/GSE199nnn/GSE199336/matrix/GSE199336-GPL24676_series_matrix.txt.gz",2562,"2523399e726e91754709da47ff02f558","2026-09-16T14:32:50","OK"
"GSE199454",,"GSE199454_series_matrix.txt.gz","https://ftp.ncbi.nlm.nih.gov/geo/series/GSE199nnn/GSE199454/matrix/GSE199454_series_matrix.txt.gz",2939,"c0a1829e030d90f6bac3c43a85384851","2026-09-16T14:32:50","OK"
"GSE199455",,"GSE199455_series_matrix.txt.gz","https://ftp.ncbi.nlm.nih.gov/geo/series/GSE199nnn/GSE199455/matrix/GSE199455_series_matrix.txt.gz",3586,"c35b287107d201329954b0d808dafaa3","2026-09-16T14:32:51","OK"
"GSE199456",,"GSE199456_series_matrix.txt.gz","https://ftp.ncbi.nlm.nih.gov/geo/series/GSE199nnn/GSE199456/matrix/GSE199456_series_matrix.txt.gz",4443,"240c39d5e0e878297e944e2e6635cb27","2026-09-16T14:32:52","OK"
"GSE200099",,"GSE200099_series_matrix.txt.gz","https://ftp.ncbi.nlm.nih.gov/geo/series/GSE200nnn/GSE200099/matrix/GSE200099_series_matrix.txt.gz",3500,"3bcb328720611a069b31bd034ef6d905","2026-09-16T14:32:52","OK"
"GSE200510",,"GSE200510_series_matrix.txt.gz","https://ftp.ncbi.nlm.nih.gov/geo/series/GSE200nnn/GSE200510/matrix/GSE200510_series_matrix.txt.gz",2082,"59b18a2d0a95f0ff79a11bb681bb76ca","2026-09-16T14:32:53","OK"
"GSE202222",,"GSE202222_series_matrix.txt.gz","https://ftp.ncbi.nlm.nih.gov/geo/series/GSE202nnn/GSE202222/matrix/GSE202222_series_matrix.txt.gz",2157,"ea0e98712aa3946e8800bb4bec4f2b9a","2026-09-16T14:32:53","OK"
"GSE202227",,"GSE202227_series_matrix.txt.gz","https://ftp.ncbi.nlm.nih.gov/geo/series/GSE202nnn/GSE202227/matrix/GSE202227_series_matrix.txt.gz",3394,"a44e1b54461eb2a6bb4c385e9a20ad31","2026-09-16T14:32:54","OK"
"GSE202229",,"GSE202229_series_matrix.txt.gz","https://ftp.ncbi.nlm.nih.gov/geo/series/GSE202nnn/GSE202229/matrix/GSE202229_series_matrix.txt.gz",2167,"214eaee904bc75eaf49b7a34457dea53","2026-09-16T14:32:55","OK"
"GSE202230",,"GSE202230_series_matrix.txt.gz","https://ftp.ncbi.nlm.nih.gov/geo/series/GSE202nnn/GSE202230/matrix/GSE202230_series_matrix.txt.gz",4144,"66ab0d7b939000acacf8b49aebfe737c","2026-09-16T14:32:55","OK"
"GSE205605",,"GSE205605_series_matrix.txt.gz","https://ftp.ncbi.nlm.nih.gov/geo/series/GSE205nnn/GSE205605/matrix/GSE205605_series_matrix.txt.gz",2210,"9c7ba786f5881db9fc9b2853f366ac54","2026-09-16T14:32:56","OK"
"GSE205802",,"GSE205802_series_matrix.txt.gz","https://ftp.ncbi.nlm.nih.gov/geo/series/GSE205nnn/GSE205802/matrix/GSE205802_series_matrix.txt.gz",2485,"ea1968bab0bca53e60165d392a1765e6","2026-09-16T14:32:57","OK"
"GSE206742",,"GSE206742_series_matrix.txt.gz","https://ftp.ncbi.nlm.nih.gov/geo/series/GSE206nnn/GSE206742/matrix/GSE206742_series_matrix.txt.gz",2931,"c35c5bdecccf0b286419a02d34b883d9","2026-09-16T14:32:57","OK"
"GSE207353",,"GSE207353_series_matrix.txt.gz","https://ftp.ncbi.nlm.nih.gov/geo/series/GSE207nnn/GSE207353/matrix/GSE207353_series_matrix.txt.gz",3815,"f6b0989f9391c3b5940d67e1cb7e9727","2026-09-16T14:32:58","OK"
"GSE207357","GPL18573","GSE207357-GPL18573_series_matrix.txt.gz","https://ftp.ncbi.nlm.nih.gov/geo/series/GSE207nnn/GSE207357/matrix/GSE207357-GPL18573_series_matrix.txt.gz",11257,"1971307ecc07c6c17f47a4c0b9ab4722","2026-09-16T14:32:58","OK"
"GSE207357","GPL24676","GSE207357-GPL24676_series_matrix.txt.gz","https://ftp.ncbi.nlm.nih.gov/geo/series/GSE207nnn/GSE207357/matrix/GSE207357-GPL24676_series_matrix.txt.gz",3901,"98fdf6c118425670610712559c458985","2026-09-16T14:32:59","OK"
"GSE207798",,"GSE207798_series_matrix.txt.gz","https://ftp.ncbi.nlm.nih.gov/geo/series/GSE207nnn/GSE207798/matrix/GSE207798_series_matrix.txt.gz",2527,"20bf57028b653b6757167f8ab2485e48","2026-09-16T14:32:59","OK"
"GSE207830",,"GSE207830_series_matrix.txt.gz","https://ftp.ncbi.nlm.nih.gov/geo/series/GSE207nnn/GSE207830/matrix/GSE207830_series_matrix.txt.gz",5710,"15a26ff96e488baa85b869e6681fa036","2026-09-16T14:33:00","OK"
"GSE209772",,"GSE209772_series_matrix.txt.gz","https://ftp.ncbi.nlm.nih.gov/geo/series/GSE209nnn/GSE209772/matrix/GSE209772_series_matrix.txt.gz",6763,"e469cb72e581fd5b166bd6a90b8f922b","2026-09-16T14:33:00","OK"
"GSE209777",,"GSE209777_series_matrix.txt.gz","https://ftp.ncbi.nlm.nih.gov/geo/series/GSE209nnn/GSE209777/matrix/GSE209777_series_matrix.txt.gz",7785,"370e601d03e58beb6fdffc7c046f4d65","2026-09-16T14:33:01","OK"
"GSE211052","GPL24676","GSE211052-GPL24676_series_matrix.txt.gz","https://ftp.ncbi.nlm.nih.gov/geo/series/GSE211nnn/GSE211052/matrix/GSE211052-GPL24676_series_matrix.txt.gz",3586,"a4234e7702767c165e9f552b58a1f3d5","2026-09-16T14:33:02","OK"
"GSE211052","GPL30173","GSE211052-GPL30173_series_matrix.txt.gz","https://ftp.ncbi.nlm.nih.gov/geo/series/GSE211nnn/GSE211052/matrix/GSE211052-GPL30173_series_matrix.txt.gz",3586,"7d6689bff03af0ff0f89a6ca8e55bd15","2026-09-16T14:33:02","OK"
"GSE211054","GPL18573","GSE211054-GPL18573_series_matrix.txt.gz","https://ftp.ncbi.nlm.nih.gov/geo/series/GSE211nnn/GSE211054/matrix/GSE211054-GPL18573_series_matrix.txt.gz",2961,"356153af0ab01eec45aac94e62e216cd","2026-09-16T14:33:02","OK"
"GSE211054","GPL24676","GSE211054-GPL24676_series_matrix.txt.gz","https://ftp.ncbi.nlm.nih.gov/geo/series/GSE211nnn/GSE211054/matrix/GSE211054-GPL24676_series_matrix.txt.gz",2598,"32bf637924cdc89247c960424f73046b","2026-09-16T14:33:02","OK"
"GSE211054","GPL30173","GSE211054-GPL30173_series_matrix.txt.gz","https://ftp.ncbi.nlm.nih.gov/geo/series/GSE211nnn/GSE211054/matrix/GSE211054-GPL30173_series_matrix.txt.gz",4532,"94921fa630e875dead08f11639b1e55b","2026-09-16T14:33:02","OK"
"GSE211619",,"GSE211619_series_matrix.txt.gz","https://ftp.ncbi.nlm.nih.gov/geo/series/GSE211nnn/GSE211619/matrix/GSE211619_series_matrix.txt.gz",4835,"f6231d7fcba845ac843ae967876cc10b","2026-09-16T14:33:03","OK"
"GSE212231",,"GSE212231_series_matrix.txt.gz","https://ftp.ncbi.nlm.nih.gov/geo/series/GSE212nnn/GSE212231/matrix/GSE212231_series_matrix.txt.gz",2409,"37e14d796a3467572d64ddf3df39afe7","2026-09-16T14:33:04","OK"
"GSE212330",,"GSE212330_series_matrix.txt.gz","https://ftp.ncbi.nlm.nih.gov/geo/series/GSE212nnn/GSE212330/matrix/GSE212330_series_matrix.txt.gz",3749,"fed312f85dc942bdfc49c1a0cab0881a","2026-09-16T14:33:04","OK"
"GSE213976",,"GSE213976_series_matrix.txt.gz","https://ftp.ncbi.nlm.nih.gov/geo/series/GSE213nnn/GSE213976/matrix/GSE213976_series_matrix.txt.gz",2049,"d732a18e97b1fb9ba3183425e4251487","2026-09-16T14:33:05","OK"
"GSE214158",,"GSE214158_series_matrix.txt.gz","https://ftp.ncbi.nlm.nih.gov/geo/series/GSE214nnn/GSE214158/matrix/GSE214158_series_matrix.txt.gz",2785,"d56fd9780f2f9cb18c9fc65f88b55651","2026-09-16T14:33:05","OK"
"GSE214275","GPL20301","GSE214275-GPL20301_series_matrix.txt.gz","https://ftp.ncbi.nlm.nih.gov/geo/series/GSE214nnn/GSE214275/matrix/GSE214275-GPL20301_series_matrix.txt.gz",2766,"3299554d803ae9b8a1a6bbbcaba5f41f","2026-09-16T14:33:06","OK"
"GSE214275","GPL24676","GSE214275-GPL24676_series_matrix.txt.gz","https://ftp.ncbi.nlm.nih.gov/geo/series/GSE214nnn/GSE214275/matrix/GSE214275-GPL24676_series_matrix.txt.gz",3242,"72abac01075608ac533c402f910530d8","2026-09-16T14:33:06","OK"
"GSE214361","GPL16686","GSE214361-GPL16686_series_matrix.txt.gz","https://ftp.ncbi.nlm.nih.gov/geo/series/GSE214nnn/GSE214361/matrix/GSE214361-GPL16686_series_matrix.txt.gz",4677453,"c12378f61aeafa486cc3077c5c95a3d9","2026-09-16T14:33:07","OK"
"GSE214361","GPL24676","GSE214361-GPL24676_series_matrix.txt.gz","https://ftp.ncbi.nlm.nih.gov/geo/series/GSE214nnn/GSE214361/matrix/GSE214361-GPL24676_series_matrix.txt.gz",4101,"e4181e19582e7892f34e1690eb4e3ed9","2026-09-16T14:33:08","OK"
"GSE217359",,"GSE217359_series_matrix.txt.gz","https://ftp.ncbi.nlm.nih.gov/geo/series/GSE217nnn/GSE217359/matrix/GSE217359_series_matrix.txt.gz",3495,"8c973f07c84bb7c144f1aafe6b455ddc","2026-09-16T14:33:08","OK"
"GSE217537",,"GSE217537_series_matrix.txt.gz","https://ftp.ncbi.nlm.nih.gov/geo/series/GSE217nnn/GSE217537/matrix/GSE217537_series_matrix.txt.gz",7480,"01abaaa99f5d01b3eceb611eb362348c","2026-09-16T14:33:09","OK"
"GSE217540",,"GSE217540_series_matrix.txt.gz","https://ftp.ncbi.nlm.nih.gov/geo/series/GSE217nnn/GSE217540/matrix/GSE217540_series_matrix.txt.gz",2376,"b3603b15f263ca125fcaa7bf931c937b","2026-09-16T14:33:09","OK"
"GSE217572",,"GSE217572_series_matrix.txt.gz","https://ftp.ncbi.nlm.nih.gov/geo/series/GSE217nnn/GSE217572/matrix/GSE217572_series_matrix.txt.gz",3488,"67a67e82179597316bc92da76e83bb29","2026-09-16T14:33:10","OK"
"GSE217585",,"GSE217585_series_matrix.txt.gz","https://ftp.ncbi.nlm.nih.gov/geo/series/GSE217nnn/GSE217585/matrix/GSE217585_series_matrix.txt.gz",3649,"ebb8267cb1e45542817b062157abe86e","2026-09-16T14:33:11","OK"
"GSE217587","GPL17021","GSE217587-GPL17021_series_matrix.txt.gz","https://ftp.ncbi.nlm.nih.gov/geo/series/GSE217nnn/GSE217587/matrix/GSE217587-GPL17021_series_matrix.txt.gz",2426,"2867244c2280fdfbab203e65b8553df1","2026-09-16T14:33:11","OK"
"GSE217587","GPL24676","GSE217587-GPL24676_series_matrix.txt.gz","https://ftp.ncbi.nlm.nih.gov/geo/series/GSE217nnn/GSE217587/matrix/GSE217587-GPL24676_series_matrix.txt.gz",3052,"add5b43d52a60063574471f813cc532c","2026-09-16T14:33:11","OK"
"GSE218491","GPL18573","GSE218491-GPL18573_series_matrix.txt.gz","https://ftp.ncbi.nlm.nih.gov/geo/series/GSE218nnn/GSE218491/matrix/GSE218491-GPL18573_series_matrix.txt.gz",1811,"6fbba3d599133dbe22aab27387f01117","2026-09-16T14:33:12","OK"
"GSE218491","GPL24676","GSE218491-GPL24676_series_matrix.txt.gz","https://ftp.ncbi.nlm.nih.gov/geo/series/GSE218nnn/GSE218491/matrix/GSE218491-GPL24676_series_matrix.txt.gz",4558,"8495598c6045b4344e7f0884635d3dc1","2026-09-16T14:33:12","OK"
"GSE218491","GPL30173","GSE218491-GPL30173_series_matrix.txt.gz","https://ftp.ncbi.nlm.nih.gov/geo/series/GSE218nnn/GSE218491/matrix/GSE218491-GPL30173_series_matrix.txt.gz",3048,"48e21f5b7af86f2d27270acbb56fb6c4","2026-09-16T14:33:12","OK"
"GSE218708",,"GSE218708_series_matrix.txt.gz","https://ftp.ncbi.nlm.nih.gov/geo/series/GSE218nnn/GSE218708/matrix/GSE218708_series_matrix.txt.gz",3752,"2e50911d3efcb44a01dea529be3b1711","2026-09-16T14:33:13","OK"
"GSE220170",,"GSE220170_series_matrix.txt.gz","https://ftp.ncbi.nlm.nih.gov/geo/series/GSE220nnn/GSE220170/matrix/GSE220170_series_matrix.txt.gz",5711,"6fa07fc513241b9853e1ca3a83e9ad67","2026-09-16T14:33:13","OK"
"GSE220707",,"GSE220707_series_matrix.txt.gz","https://ftp.ncbi.nlm.nih.gov/geo/series/GSE220nnn/GSE220707/matrix/GSE220707_series_matrix.txt.gz",1882,"f17a1d92d37169d77c889a38ef6b9c78","2026-09-16T14:33:14","OK"
"GSE221459",,"GSE221459_series_matrix.txt.gz","https://ftp.ncbi.nlm.nih.gov/geo/series/GSE221nnn/GSE221459/matrix/GSE221459_series_matrix.txt.gz",2086,"b40c5635317c975a9d473b608e7862dc","2026-09-16T14:33:15","OK"
"GSE221578",,"GSE221578_series_matrix.txt.gz","https://ftp.ncbi.nlm.nih.gov/geo/series/GSE221nnn/GSE221578/matrix/GSE221578_series_matrix.txt.gz",6976,"8c5c9e834302bebe25bcfb8fd5fac150","2026-09-16T14:33:15","OK"
"GSE222822",,"GSE222822_series_matrix.txt.gz","https://ftp.ncbi.nlm.nih.gov/geo/series/GSE222nnn/GSE222822/matrix/GSE222822_series_matrix.txt.gz",4980,"8d80c77ad8f51e2f2092a6e65775319d","2026-09-16T14:33:16","OK"
"GSE222886",,"GSE222886_series_matrix.txt.gz","https://ftp.ncbi.nlm.nih.gov/geo/series/GSE222nnn/GSE222886/matrix/GSE222886_series_matrix.txt.gz",9261,"9aff7cacd0fb6745189bdbed30a72a3c","2026-09-16T14:33:17","OK"
"GSE224155",,"GSE224155_series_matrix.txt.gz","https://ftp.ncbi.nlm.nih.gov/geo/series/GSE224nnn/GSE224155/matrix/GSE224155_series_matrix.txt.gz",2124,"feabb043bf1bead34cdff417d133f5cd","2026-09-16T14:33:17","OK"
"GSE224607","GPL23934","GSE224607-GPL23934_series_matrix.txt.gz","https://ftp.ncbi.nlm.nih.gov/geo/series/GSE224nnn/GSE224607/matrix/GSE224607-GPL23934_series_matrix.txt.gz",3815,"b268c7176fa399cfe6aacd34885232e5","2026-09-16T14:33:18","OK"
"GSE224607","GPL25723","GSE224607-GPL25723_series_matrix.txt.gz","https://ftp.ncbi.nlm.nih.gov/geo/series/GSE224nnn/GSE224607/matrix/GSE224607-GPL25723_series_matrix.txt.gz",3128,"f31514caddbed5490ca6818b3ca7f599","2026-09-16T14:33:18","OK"
"GSE225315",,"GSE225315_series_matrix.txt.gz","https://ftp.ncbi.nlm.nih.gov/geo/series/GSE225nnn/GSE225315/matrix/GSE225315_series_matrix.txt.gz",2565,"733947a0e2d9fa13feecf8dc3e051643","2026-09-16T14:33:19","OK"
"GSE225356",,"GSE225356_series_matrix.txt.gz","https://ftp.ncbi.nlm.nih.gov/geo/series/GSE225nnn/GSE225356/matrix/GSE225356_series_matrix.txt.gz",2843,"240458100ef3da3c96a082343c150fbb","2026-09-16T14:33:19","OK"
"GSE225384",,"GSE225384_series_matrix.txt.gz","https://ftp.ncbi.nlm.nih.gov/geo/series/GSE225nnn/GSE225384/matrix/GSE225384_series_matrix.txt.gz",2071,"e1a5192f57c3e4cda35e2d060ba84808","2026-09-16T14:33:20","OK"
"GSE225391","GPL21697","GSE225391-GPL21697_series_matrix.txt.gz","https://ftp.ncbi.nlm.nih.gov/geo/series/GSE225nnn/GSE225391/matrix/GSE225391-GPL21697_series_matrix.txt.gz",3613,"556229945f2159d30c4278e315cdb389","2026-09-16T14:33:20","OK"
"GSE225391","GPL24676","GSE225391-GPL24676_series_matrix.txt.gz","https://ftp.ncbi.nlm.nih.gov/geo/series/GSE225nnn/GSE225391/matrix/GSE225391-GPL24676_series_matrix.txt.gz",3618,"9f46322dd71caee7b910bcbfdf07b7e7","2026-09-16T14:33:21","OK"
"GSE226414",,"GSE226414_series_matrix.txt.gz","https://ftp.ncbi.nlm.nih.gov/geo/series/GSE226nnn/GSE226414/matrix/GSE226414_series_matrix.txt.gz",536085,"f49f05710e0f15cf0b5090e4d2f52732","2026-09-16T14:33:21","OK"
"GSE226418",,"GSE226418_series_matrix.txt.gz","https://ftp.ncbi.nlm.nih.gov/geo/series/GSE226nnn/GSE226418/matrix/GSE226418_series_matrix.txt.gz",322112,"eb88003c35400cfb957d0c04634b81ec","2026-09-16T14:33:22","OK"
"GSE226420",,"GSE226420_series_matrix.txt.gz","https://ftp.ncbi.nlm.nih.gov/geo/series/GSE226nnn/GSE226420/matrix/GSE226420_series_matrix.txt.gz",315997,"8897442e60cf2d95448d1a87ddb29f6c","2026-09-16T14:33:23","OK"
"GSE226459",,"GSE226459_series_matrix.txt.gz","https://ftp.ncbi.nlm.nih.gov/geo/series/GSE226nnn/GSE226459/matrix/GSE226459_series_matrix.txt.gz",319682,"6f210957a74a2f2cf3f6f16df1574095","2026-09-16T14:33:24","OK"
"GSE226460",,"GSE226460_series_matrix.txt.gz","https://ftp.ncbi.nlm.nih.gov/geo/series/GSE226nnn/GSE226460/matrix/GSE226460_series_matrix.txt.gz",320645,"e17fe326f38b435cb71ed78da0efb212","2026-09-16T14:33:24","OK"
"GSE226461",,"GSE226461_series_matrix.txt.gz","https://ftp.ncbi.nlm.nih.gov/geo/series/GSE226nnn/GSE226461/matrix/GSE226461_series_matrix.txt.gz",2463196,"aaa7bce3ea7adc885c7257d59652e869","2026-09-16T14:33:25","OK"
"GSE226688","GPL18573","GSE226688-GPL18573_series_matrix.txt.gz","https://ftp.ncbi.nlm.nih.gov/geo/series/GSE226nnn/GSE226688/matrix/GSE226688-GPL18573_series_matrix.txt.gz",2326,"31a39e7c70c47844ebd56ade522ce5ad","2026-09-16T14:33:26","OK"
"GSE226688","GPL21697","GSE226688-GPL21697_series_matrix.txt.gz","https://ftp.ncbi.nlm.nih.gov/geo/series/GSE226nnn/GSE226688/matrix/GSE226688-GPL21697_series_matrix.txt.gz",4180,"7eac751012053a06bd184ce068da9232","2026-09-16T14:33:26","OK"
"GSE226688","GPL24676","GSE226688-GPL24676_series_matrix.txt.gz","https://ftp.ncbi.nlm.nih.gov/geo/series/GSE226nnn/GSE226688/matrix/GSE226688-GPL24676_series_matrix.txt.gz",2387,"e67b39e8431117d10757ede5c7fc8d96","2026-09-16T14:33:26","OK"
"GSE226688","GPL30173","GSE226688-GPL30173_series_matrix.txt.gz","https://ftp.ncbi.nlm.nih.gov/geo/series/GSE226nnn/GSE226688/matrix/GSE226688-GPL30173_series_matrix.txt.gz",4032,"7138043fa06850816f935f44ddaefed7","2026-09-16T14:33:26","OK"
"GSE227269",,"GSE227269_series_matrix.txt.gz","https://ftp.ncbi.nlm.nih.gov/geo/series/GSE227nnn/GSE227269/matrix/GSE227269_series_matrix.txt.gz",4254,"6aa7831519b4198bf49462da50e448b5","2026-09-16T14:33:27","OK"
"GSE227343",,"GSE227343_series_matrix.txt.gz","https://ftp.ncbi.nlm.nih.gov/geo/series/GSE227nnn/GSE227343/matrix/GSE227343_series_matrix.txt.gz",4500,"ffd21057e111eadd1583bbb10ba32b9d","2026-09-16T14:33:27","OK"
"GSE227874",,"GSE227874_series_matrix.txt.gz","https://ftp.ncbi.nlm.nih.gov/geo/series/GSE227nnn/GSE227874/matrix/GSE227874_series_matrix.txt.gz",4165,"595560040c0c14cf483e29b98f75e44f","2026-09-16T14:33:28","OK"
"GSE228307",,"GSE228307_series_matrix.txt.gz","https://ftp.ncbi.nlm.nih.gov/geo/series/GSE228nnn/GSE228307/matrix/GSE228307_series_matrix.txt.gz",3704,"23ab46fe809b461ca36ff941cbcccc99","2026-09-16T14:33:29","OK"
"GSE228326","GPL18573","GSE228326-GPL18573_series_matrix.txt.gz","https://ftp.ncbi.nlm.nih.gov/geo/series/GSE228nnn/GSE228326/matrix/GSE228326-GPL18573_series_matrix.txt.gz",4567,"28eba061ca2cde88de235bdb11fca10c","2026-09-16T14:33:29","OK"
"GSE228326","GPL24676","GSE228326-GPL24676_series_matrix.txt.gz","https://ftp.ncbi.nlm.nih.gov/geo/series/GSE228nnn/GSE228326/matrix/GSE228326-GPL24676_series_matrix.txt.gz",2861,"69bea5053cd46f7c97a133dbceeeba65","2026-09-16T14:33:29","OK"
"GSE228760",,"GSE228760_series_matrix.txt.gz","https://ftp.ncbi.nlm.nih.gov/geo/series/GSE228nnn/GSE228760/matrix/GSE228760_series_matrix.txt.gz",10383,"009ce095d8173b00c4053d42d2456007","2026-09-16T14:33:30","OK"
"GSE229309",,"GSE229309_series_matrix.txt.gz","https://ftp.ncbi.nlm.nih.gov/geo/series/GSE229nnn/GSE229309/matrix/GSE229309_series_matrix.txt.gz",4113,"5d28c75776e354a5a3624a0a19943bbc","2026-09-16T14:33:31","OK"
"GSE229312",,"GSE229312_series_matrix.txt.gz","https://ftp.ncbi.nlm.nih.gov/geo/series/GSE229nnn/GSE229312/matrix/GSE229312_series_matrix.txt.gz",4238,"2d899130357d2d65f532f2663d7ce5ed","2026-09-16T14:33:31","OK"
"GSE229314",,"GSE229314_series_matrix.txt.gz","https://ftp.ncbi.nlm.nih.gov/geo/series/GSE229nnn/GSE229314/matrix/GSE229314_series_matrix.txt.gz",11806,"c50a5d13b4b361e886345aad077b01c6","2026-09-16T14:33:32","OK"
"GSE229663",,"GSE229663_series_matrix.txt.gz","https://ftp.ncbi.nlm.nih.gov/geo/series/GSE229nnn/GSE229663/matrix/GSE229663_series_matrix.txt.gz",3123,"864e80f9de770f752d6ce2361d0d6ed2","2026-09-16T14:33:33","OK"
"GSE230646",,"GSE230646_series_matrix.txt.gz","https://ftp.ncbi.nlm.nih.gov/geo/series/GSE230nnn/GSE230646/matrix/GSE230646_series_matrix.txt.gz",5387,"7768bcba339f071f14a4a584d342d0ba","2026-09-16T14:33:33","OK"
"GSE232007",,"GSE232007_series_matrix.txt.gz","https://ftp.ncbi.nlm.nih.gov/geo/series/GSE232nnn/GSE232007/matrix/GSE232007_series_matrix.txt.gz",2918,"fde277b26f007b299895a88083f7b193","2026-09-16T14:33:34","OK"
"GSE232091",,"GSE232091_series_matrix.txt.gz","https://ftp.ncbi.nlm.nih.gov/geo/series/GSE232nnn/GSE232091/matrix/GSE232091_series_matrix.txt.gz",2443,"ce24f09e03bf9cb99f017bec6bc38a6a","2026-09-16T14:33:34","OK"
"GSE233730","GPL21697","GSE233730-GPL21697_series_matrix.txt.gz","https://ftp.ncbi.nlm.nih.gov/geo/series/GSE233nnn/GSE233730/matrix/GSE233730-GPL21697_series_matrix.txt.gz",2707,"249f23c11bb4e97a5ba9e8dd5cc610f0","2026-09-16T14:33:35","OK"
"GSE233730","GPL24676","GSE233730-GPL24676_series_matrix.txt.gz","https://ftp.ncbi.nlm.nih.gov/geo/series/GSE233nnn/GSE233730/matrix/GSE233730-GPL24676_series_matrix.txt.gz",5632,"333dfdf7bdc806fb5be4d889cb6e6d37","2026-09-16T14:33:35","OK"
"GSE233730","GPL26167","GSE233730-GPL26167_series_matrix.txt.gz","https://ftp.ncbi.nlm.nih.gov/geo/series/GSE233nnn/GSE233730/matrix/GSE233730-GPL26167_series_matrix.txt.gz",4439,"31ce807387f6f18b241b8ab47c5f5e87","2026-09-16T14:33:35","OK"
"GSE233730","GPL30173","GSE233730-GPL30173_series_matrix.txt.gz","https://ftp.ncbi.nlm.nih.gov/geo/series/GSE233nnn/GSE233730/matrix/GSE233730-GPL30173_series_matrix.txt.gz",6625,"7412c74253f23dcb8fbe927061345229","2026-09-16T14:33:36","OK"
"GSE233810",,"GSE233810_series_matrix.txt.gz","https://ftp.ncbi.nlm.nih.gov/geo/series/GSE233nnn/GSE233810/matrix/GSE233810_series_matrix.txt.gz",2700,"94b0bdce813528f2aa0dc9f43334ada4","2026-09-16T14:33:36","OK"
"GSE233849",,"GSE233849_series_matrix.txt.gz","https://ftp.ncbi.nlm.nih.gov/geo/series/GSE233nnn/GSE233849/matrix/GSE233849_series_matrix.txt.gz",1296363,"a161d4208ce5edc45deaceb387b56f37","2026-09-16T14:33:37","OK"
"GSE235069",,"GSE235069_series_matrix.txt.gz","https://ftp.ncbi.nlm.nih.gov/geo/series/GSE235nnn/GSE235069/matrix/GSE235069_series_matrix.txt.gz",683253,"404b1b0c1097d89f2727b5cf5309f89c","2026-09-16T14:33:38","OK"
"GSE235070","GPL18573","GSE235070-GPL18573_series_matrix.txt.gz","https://ftp.ncbi.nlm.nih.gov/geo/series/GSE235nnn/GSE235070/matrix/GSE235070-GPL18573_series_matrix.txt.gz",3226,"e345435f6c1e59f15a3187420e0e0689","2026-09-16T14:33:39","OK"
"GSE235070","GPL23159","GSE235070-GPL23159_series_matrix.txt.gz","https://ftp.ncbi.nlm.nih.gov/geo/series/GSE235nnn/GSE235070/matrix/GSE235070-GPL23159_series_matrix.txt.gz",2062040,"5aabec33e6df0f57df22562460f112ce","2026-09-16T14:33:39","OK"
"GSE235600",,"GSE235600_series_matrix.txt.gz","https://ftp.ncbi.nlm.nih.gov/geo/series/GSE235nnn/GSE235600/matrix/GSE235600_series_matrix.txt.gz",2762,"3d6e4bba12211430455c68000fed8520","2026-09-16T14:33:40","OK"
"GSE235653",,"GSE235653_series_matrix.txt.gz","https://ftp.ncbi.nlm.nih.gov/geo/series/GSE235nnn/GSE235653/matrix/GSE235653_series_matrix.txt.gz",3030,"dc0c178e9395547e60f2d5eeff11561f","2026-09-16T14:33:40","OK"
"GSE236772",,"GSE236772_series_matrix.txt.gz","https://ftp.ncbi.nlm.nih.gov/geo/series/GSE236nnn/GSE236772/matrix/GSE236772_series_matrix.txt.gz",4265,"4dc24738bd82dd6fc92d5bb1b3612637","2026-09-16T14:33:41","OK"
"GSE236773",,"GSE236773_series_matrix.txt.gz","https://ftp.ncbi.nlm.nih.gov/geo/series/GSE236nnn/GSE236773/matrix/GSE236773_series_matrix.txt.gz",2543,"517290407c899c32f47e3ee702aadf3b","2026-09-16T14:33:41","OK"
"GSE236775","GPL24676","GSE236775-GPL24676_series_matrix.txt.gz","https://ftp.ncbi.nlm.nih.gov/geo/series/GSE236nnn/GSE236775/matrix/GSE236775-GPL24676_series_matrix.txt.gz",2258,"32a6e3756342921d22c925b3d2ef100c","2026-09-16T14:33:42","OK"
"GSE236775","GPL30173","GSE236775-GPL30173_series_matrix.txt.gz","https://ftp.ncbi.nlm.nih.gov/geo/series/GSE236nnn/GSE236775/matrix/GSE236775-GPL30173_series_matrix.txt.gz",9230,"d26ae5c096e9a6e666da5018431ecd35","2026-09-16T14:33:42","OK"
"GSE237239",,"GSE237239_series_matrix.txt.gz","https://ftp.ncbi.nlm.nih.gov/geo/series/GSE237nnn/GSE237239/matrix/GSE237239_series_matrix.txt.gz",5763,"bdd3492b434a948a1e02820426f36485","2026-09-16T14:33:43","OK"
"GSE239350","GPL24247","GSE239350-GPL24247_series_matrix.txt.gz","https://ftp.ncbi.nlm.nih.gov/geo/series/GSE239nnn/GSE239350/matrix/GSE239350-GPL24247_series_matrix.txt.gz",2496,"77ef6d3cf34c98c57416ce5a2236ae4b","2026-09-16T14:33:43","OK"
"GSE239350","GPL24676","GSE239350-GPL24676_series_matrix.txt.gz","https://ftp.ncbi.nlm.nih.gov/geo/series/GSE239nnn/GSE239350/matrix/GSE239350-GPL24676_series_matrix.txt.gz",2401,"c595249b20be2828fc8c961d2dc15b46","2026-09-16T14:33:44","OK"
"GSE239721",,"GSE239721_series_matrix.txt.gz","https://ftp.ncbi.nlm.nih.gov/geo/series/GSE239nnn/GSE239721/matrix/GSE239721_series_matrix.txt.gz",2668,"952e948d267dc6c77160f1288f9bd213","2026-09-16T14:33:44","OK"
"GSE240439",,"GSE240439_series_matrix.txt.gz","https://ftp.ncbi.nlm.nih.gov/geo/series/GSE240nnn/GSE240439/matrix/GSE240439_series_matrix.txt.gz",3275,"3517c360be5262758257a335058c63e7","2026-09-16T14:33:45","OK"
"GSE240496",,"GSE240496_series_matrix.txt.gz","https://ftp.ncbi.nlm.nih.gov/geo/series/GSE240nnn/GSE240496/matrix/GSE240496_series_matrix.txt.gz",3460,"327cc128c81e1f6328eee60e08599a62","2026-09-16T14:33:45","OK"
"GSE240497","GPL20301","GSE240497-GPL20301_series_matrix.txt.gz","https://ftp.ncbi.nlm.nih.gov/geo/series/GSE240nnn/GSE240497/matrix/GSE240497-GPL20301_series_matrix.txt.gz",4281,"fe0a53eccb1f2339e30f5e9a6611fc91","2026-09-16T14:33:46","OK"
"GSE240497","GPL24676","GSE240497-GPL24676_series_matrix.txt.gz","https://ftp.ncbi.nlm.nih.gov/geo/series/GSE240nnn/GSE240497/matrix/GSE240497-GPL24676_series_matrix.txt.gz",3064,"3fcbb483fe2e17723bdcd27f7c9a0483","2026-09-16T14:33:46","OK"
"GSE241427",,"GSE241427_series_matrix.txt.gz","https://ftp.ncbi.nlm.nih.gov/geo/series/GSE241nnn/GSE241427/matrix/GSE241427_series_matrix.txt.gz",4075,"67b51ec34a7c64da01b1f311d7bd1c02","2026-09-16T14:33:47","OK"
"GSE241428",,"GSE241428_series_matrix.txt.gz","https://ftp.ncbi.nlm.nih.gov/geo/series/GSE241nnn/GSE241428/matrix/GSE241428_series_matrix.txt.gz",10110,"75bd0df68d58d6cfb697f668821944f3","2026-09-16T14:33:47","OK"
"GSE241450","GPL11154","GSE241450-GPL11154_series_matrix.txt.gz","https://ftp.ncbi.nlm.nih.gov/geo/series/GSE241nnn/GSE241450/matrix/GSE241450-GPL11154_series_matrix.txt.gz",2217,"5c8640cdcd4e4fefee381d63fbcdf75e","2026-09-16T14:33:48","OK"
"GSE241450","GPL16791","GSE241450-GPL16791_series_matrix.txt.gz","https://ftp.ncbi.nlm.nih.gov/geo/series/GSE241nnn/GSE241450/matrix/GSE241450-GPL16791_series_matrix.txt.gz",4920,"2309ffd23072e39c12f663106db5cc72","2026-09-16T14:33:48","OK"
"GSE241450","GPL18573","GSE241450-GPL18573_series_matrix.txt.gz","https://ftp.ncbi.nlm.nih.gov/geo/series/GSE241nnn/GSE241450/matrix/GSE241450-GPL18573_series_matrix.txt.gz",2441,"c671268cfea356f3455549e7fcbbf6b1","2026-09-16T14:33:48","OK"
"GSE241450","GPL21290","GSE241450-GPL21290_series_matrix.txt.gz","https://ftp.ncbi.nlm.nih.gov/geo/series/GSE241nnn/GSE241450/matrix/GSE241450-GPL21290_series_matrix.txt.gz",4742,"2b1d20058714d4e1db64c458b8638c76","2026-09-16T14:33:48","OK"
"GSE241450","GPL24676","GSE241450-GPL24676_series_matrix.txt.gz","https://ftp.ncbi.nlm.nih.gov/geo/series/GSE241nnn/GSE241450/matrix/GSE241450-GPL24676_series_matrix.txt.gz",3197,"7f2768ce5a5834ceb2904b15a1a4d701","2026-09-16T14:33:48","OK"
"GSE241581","GPL24676","GSE241581-GPL24676_series_matrix.txt.gz","https://ftp.ncbi.nlm.nih.gov/geo/series/GSE241nnn/GSE241581/matrix/GSE241581-GPL24676_series_matrix.txt.gz",3561,"b50050e1e24d9609a4e5d5e524092a83","2026-09-16T14:33:49","OK"
"GSE241581","GPL30173","GSE241581-GPL30173_series_matrix.txt.gz","https://ftp.ncbi.nlm.nih.gov/geo/series/GSE241nnn/GSE241581/matrix/GSE241581-GPL30173_series_matrix.txt.gz",2941,"1beb4916dcd35b9b802c8f08c354c72d","2026-09-16T14:33:49","OK"
"GSE241584",,"GSE241584_series_matrix.txt.gz","https://ftp.ncbi.nlm.nih.gov/geo/series/GSE241nnn/GSE241584/matrix/GSE241584_series_matrix.txt.gz",2953,"b98923ee3264ad1dcdf65cb566caca2a","2026-09-16T14:33:50","OK"
"GSE241922",,"GSE241922_series_matrix.txt.gz","https://ftp.ncbi.nlm.nih.gov/geo/series/GSE241nnn/GSE241922/matrix/GSE241922_series_matrix.txt.gz",2111,"435e99a87d91db77afa630a499ae25c6","2026-09-16T14:33:50","OK"
"GSE241936",,"GSE241936_series_matrix.txt.gz","https://ftp.ncbi.nlm.nih.gov/geo/series/GSE241nnn/GSE241936/matrix/GSE241936_series_matrix.txt.gz",4072,"534cd36d47f390e459cf0f364113e6ea","2026-09-16T14:33:51","OK"
"GSE243586",,"GSE243586_series_matrix.txt.gz","https://ftp.ncbi.nlm.nih.gov/geo/series/GSE243nnn/GSE243586/matrix/GSE243586_series_matrix.txt.gz",2200,"e32258db12f8d099999214edccec637e","2026-09-16T14:33:52","OK"
"GSE243669",,"GSE243669_series_matrix.txt.gz","https://ftp.ncbi.nlm.nih.gov/geo/series/GSE243nnn/GSE243669/matrix/GSE243669_series_matrix.txt.gz",2461,"04453cacc3a5472dce174bc92c535942","2026-09-16T14:33:52","OK"
"GSE243670","GPL18573","GSE243670-GPL18573_series_matrix.txt.gz","https://ftp.ncbi.nlm.nih.gov/geo/series/GSE243nnn/GSE243670/matrix/GSE243670-GPL18573_series_matrix.txt.gz",2471,"f168c2e284f7ed7cf84bc849360160cf","2026-09-16T14:33:53","OK"
"GSE243670","GPL24676","GSE243670-GPL24676_series_matrix.txt.gz","https://ftp.ncbi.nlm.nih.gov/geo/series/GSE243nnn/GSE243670/matrix/GSE243670-GPL24676_series_matrix.txt.gz",2201,"689863e186b69db43fded3641886df2d","2026-09-16T14:33:53","OK"
"GSE244855",,"GSE244855_series_matrix.txt.gz","https://ftp.ncbi.nlm.nih.gov/geo/series/GSE244nnn/GSE244855/matrix/GSE244855_series_matrix.txt.gz",2968,"cf295529ee2f3475b4769887e10cf74f","2026-09-16T14:33:54","OK"
"GSE245810",,"GSE245810_series_matrix.txt.gz","https://ftp.ncbi.nlm.nih.gov/geo/series/GSE245nnn/GSE245810/matrix/GSE245810_series_matrix.txt.gz",29726,"0793f46f9ee719c5096f474e1ed2b627","2026-09-16T14:33:54","OK"
"GSE246341",,"GSE246341_series_matrix.txt.gz","https://ftp.ncbi.nlm.nih.gov/geo/series/GSE246nnn/GSE246341/matrix/GSE246341_series_matrix.txt.gz",3713,"280641c8d38de0cebbb8c60df404f782","2026-09-16T14:33:55","OK"
"GSE246783",,"GSE246783_series_matrix.txt.gz","https://ftp.ncbi.nlm.nih.gov/geo/series/GSE246nnn/GSE246783/matrix/GSE246783_series_matrix.txt.gz",5378,"49782deaa680d2a22b066a66f4694045","2026-09-16T14:33:56","OK"
"GSE247095",,"GSE247095_series_matrix.txt.gz","https://ftp.ncbi.nlm.nih.gov/geo/series/GSE247nnn/GSE247095/matrix/GSE247095_series_matrix.txt.gz",4671,"3d8a9b60307d1da7daee64d5d3ffea04","2026-09-16T14:33:56","OK"
"GSE247175",,"GSE247175_series_matrix.txt.gz","https://ftp.ncbi.nlm.nih.gov/geo/series/GSE247nnn/GSE247175/matrix/GSE247175_series_matrix.txt.gz",2417,"a49490efde0b6a834b9811f9ba199199","2026-09-16T14:33:57","OK"
"GSE247210",,"GSE247210_series_matrix.txt.gz","https://ftp.ncbi.nlm.nih.gov/geo/series/GSE247nnn/GSE247210/matrix/GSE247210_series_matrix.txt.gz",2435,"2412af9e523da7c57bee1f613c6815f2","2026-09-16T14:33:58","OK"
"GSE247499",,"GSE247499_series_matrix.txt.gz","https://ftp.ncbi.nlm.nih.gov/geo/series/GSE247nnn/GSE247499/matrix/GSE247499_series_matrix.txt.gz",3432,"d93b2dfdebfd7b4314152614189aca29","2026-09-16T14:33:58","OK"
"GSE248296",,"GSE248296_series_matrix.txt.gz","https://ftp.ncbi.nlm.nih.gov/geo/series/GSE248nnn/GSE248296/matrix/GSE248296_series_matrix.txt.gz",3307,"7dfa6be45ebd71266180ed5bcd34a71d","2026-09-16T14:33:59","OK"
"GSE248581",,"GSE248581_series_matrix.txt.gz","https://ftp.ncbi.nlm.nih.gov/geo/series/GSE248nnn/GSE248581/matrix/GSE248581_series_matrix.txt.gz",3867,"4dc23c6694b5ae6ba6038c1f2a8ba286","2026-09-16T14:34:00","OK"
"GSE249078",,"GSE249078_series_matrix.txt.gz","https://ftp.ncbi.nlm.nih.gov/geo/series/GSE249nnn/GSE249078/matrix/GSE249078_series_matrix.txt.gz",3481,"462e0d7d0514757b3f6fabf879012b88","2026-09-16T14:34:00","OK"
"GSE249080","GPL20301","GSE249080-GPL20301_series_matrix.txt.gz","https://ftp.ncbi.nlm.nih.gov/geo/series/GSE249nnn/GSE249080/matrix/GSE249080-GPL20301_series_matrix.txt.gz",2812,"0ea3b333202cf85a533227d55aee6621","2026-09-16T14:34:01","OK"
"GSE249080","GPL24676","GSE249080-GPL24676_series_matrix.txt.gz","https://ftp.ncbi.nlm.nih.gov/geo/series/GSE249nnn/GSE249080/matrix/GSE249080-GPL24676_series_matrix.txt.gz",2876,"c1aac79e9330f10a167acca347520773","2026-09-16T14:34:01","OK"
"GSE249437",,"GSE249437_series_matrix.txt.gz","https://ftp.ncbi.nlm.nih.gov/geo/series/GSE249nnn/GSE249437/matrix/GSE249437_series_matrix.txt.gz",3680,"bfeac1537a972016c028f1bfce2b9bc6","2026-09-16T14:34:02","OK"
"GSE251859",,"GSE251859_series_matrix.txt.gz","https://ftp.ncbi.nlm.nih.gov/geo/series/GSE251nnn/GSE251859/matrix/GSE251859_series_matrix.txt.gz",3551,"004ac25b9b69fd792c9ef0331fcc3f3a","2026-09-16T14:34:02","OK"
"GSE251860",,"GSE251860_series_matrix.txt.gz","https://ftp.ncbi.nlm.nih.gov/geo/series/GSE251nnn/GSE251860/matrix/GSE251860_series_matrix.txt.gz",5583,"8e8cebf9a415c550a7f47ceaccd736fe","2026-09-16T14:34:03","OK"
"GSE251919",,"GSE251919_series_matrix.txt.gz","https://ftp.ncbi.nlm.nih.gov/geo/series/GSE251nnn/GSE251919/matrix/GSE251919_series_matrix.txt.gz",2525,"98a97cc01e9b7fa55512a57058b5d609","2026-09-16T14:34:03","OK"
"GSE252057",,"GSE252057_series_matrix.txt.gz","https://ftp.ncbi.nlm.nih.gov/geo/series/GSE252nnn/GSE252057/matrix/GSE252057_series_matrix.txt.gz",2232,"7f35b907082ceecb52fef6ea93ad26ec","2026-09-16T14:34:04","OK"
"GSE252193",,"GSE252193_series_matrix.txt.gz","https://ftp.ncbi.nlm.nih.gov/geo/series/GSE252nnn/GSE252193/matrix/GSE252193_series_matrix.txt.gz",391594,"99c89c8e7094790c68b3e21f6a3e9371","2026-09-16T14:34:05","OK"
"GSE252745",,"GSE252745_series_matrix.txt.gz","https://ftp.ncbi.nlm.nih.gov/geo/series/GSE252nnn/GSE252745/matrix/GSE252745_series_matrix.txt.gz",2990,"c957a10bc63e3d6ec2ec4e2ec1a56075","2026-09-16T14:34:05","OK"
"GSE252746",,"GSE252746_series_matrix.txt.gz","https://ftp.ncbi.nlm.nih.gov/geo/series/GSE252nnn/GSE252746/matrix/GSE252746_series_matrix.txt.gz",5523,"6b9b6c49229273d0e1b8075178107e14","2026-09-16T14:34:06","OK"
"GSE252937",,"GSE252937_series_matrix.txt.gz","https://ftp.ncbi.nlm.nih.gov/geo/series/GSE252nnn/GSE252937/matrix/GSE252937_series_matrix.txt.gz",3239,"05c269690fe5fef5e5ef96f46b7bb62e","2026-09-16T14:34:07","OK"
"GSE252938",,"GSE252938_series_matrix.txt.gz","https://ftp.ncbi.nlm.nih.gov/geo/series/GSE252nnn/GSE252938/matrix/GSE252938_series_matrix.txt.gz",6136,"4d1833f744857b03d9719ef7c819d63b","2026-09-16T14:34:07","OK"
"GSE253457",,"GSE253457_series_matrix.txt.gz","https://ftp.ncbi.nlm.nih.gov/geo/series/GSE253nnn/GSE253457/matrix/GSE253457_series_matrix.txt.gz",4361914,"b5bd6418b2cbc296e2f83f0ece267550","2026-09-16T14:34:09","OK"
"GSE253920",,"GSE253920_series_matrix.txt.gz","https://ftp.ncbi.nlm.nih.gov/geo/series/GSE253nnn/GSE253920/matrix/GSE253920_series_matrix.txt.gz",2610,"f34759ee637cb6005a15e720f08f4cfc","2026-09-16T14:34:09","OK"
"GSE253921",,"GSE253921_series_matrix.txt.gz","https://ftp.ncbi.nlm.nih.gov/geo/series/GSE253nnn/GSE253921/matrix/GSE253921_series_matrix.txt.gz",2275,"8a3fc1077b53fbfe283c4ca307c3390b","2026-09-16T14:34:10","OK"
"GSE255339","GPL18573","GSE255339-GPL18573_series_matrix.txt.gz","https://ftp.ncbi.nlm.nih.gov/geo/series/GSE255nnn/GSE255339/matrix/GSE255339-GPL18573_series_matrix.txt.gz",23746,"ed6a7697e7b3a05916981fc63f5fd429","2026-09-16T14:34:11","OK"
"GSE255339","GPL24676","GSE255339-GPL24676_series_matrix.txt.gz","https://ftp.ncbi.nlm.nih.gov/geo/series/GSE255nnn/GSE255339/matrix/GSE255339-GPL24676_series_matrix.txt.gz",41417,"66dc97e66547546cb8d8c18bc8be8e11","2026-09-16T14:34:11","OK"
"GSE255808","GPL21103","GSE255808-GPL21103_series_matrix.txt.gz","https://ftp.ncbi.nlm.nih.gov/geo/series/GSE255nnn/GSE255808/matrix/GSE255808-GPL21103_series_matrix.txt.gz",2548,"76cdbcbc722ef5be12089713fd3eaaa7","2026-09-16T14:34:11","OK"
"GSE255808","GPL24247","GSE255808-GPL24247_series_matrix.txt.gz","https://ftp.ncbi.nlm.nih.gov/geo/series/GSE255nnn/GSE255808/matrix/GSE255808-GPL24247_series_matrix.txt.gz",3241,"19bb8d63656e3030f5b023c118e589f1","2026-09-16T14:34:12","OK"
"GSE255808","GPL30172","GSE255808-GPL30172_series_matrix.txt.gz","https://ftp.ncbi.nlm.nih.gov/geo/series/GSE255nnn/GSE255808/matrix/GSE255808-GPL30172_series_matrix.txt.gz",4106,"c9f50120a893f1cd556df610996ce444","2026-09-16T14:34:12","OK"
"GSE255808","GPL30173","GSE255808-GPL30173_series_matrix.txt.gz","https://ftp.ncbi.nlm.nih.gov/geo/series/GSE255nnn/GSE255808/matrix/GSE255808-GPL30173_series_matrix.txt.gz",2708,"909752a43bbe4c840d255acb0b393cda","2026-09-16T14:34:12","OK"
"GSE256040",,"GSE256040_series_matrix.txt.gz","https://ftp.ncbi.nlm.nih.gov/geo/series/GSE256nnn/GSE256040/matrix/GSE256040_series_matrix.txt.gz",2058,"8ab40912e1fdaf8f0b7ddd18e8fdd918","2026-09-16T14:34:12","OK"
"GSE256076",,"GSE256076_series_matrix.txt.gz","https://ftp.ncbi.nlm.nih.gov/geo/series/GSE256nnn/GSE256076/matrix/GSE256076_series_matrix.txt.gz",2199,"acd17d786d2b1036fb5136fd780531b0","2026-09-16T14:34:13","OK"
"GSE256353","GPL15520","GSE256353-GPL15520_series_matrix.txt.gz","https://ftp.ncbi.nlm.nih.gov/geo/series/GSE256nnn/GSE256353/matrix/GSE256353-GPL15520_series_matrix.txt.gz",68677,"fe99eb708a2aac7576d5f13071d655b3","2026-09-16T14:34:14","OK"
"GSE256353","GPL18573","GSE256353-GPL18573_series_matrix.txt.gz","https://ftp.ncbi.nlm.nih.gov/geo/series/GSE256nnn/GSE256353/matrix/GSE256353-GPL18573_series_matrix.txt.gz",29912,"9c4afcdf7feac3e3f52d873ca2b7e420","2026-09-16T14:34:14","OK"
"GSE256353","GPL24676","GSE256353-GPL24676_series_matrix.txt.gz","https://ftp.ncbi.nlm.nih.gov/geo/series/GSE256nnn/GSE256353/matrix/GSE256353-GPL24676_series_matrix.txt.gz",48044,"6cc606b99e7e1d5f7dc49d605a6a9f3c","2026-09-16T14:34:14","OK"
"GSE256354","GPL15520","GSE256354-GPL15520_series_matrix.txt.gz","https://ftp.ncbi.nlm.nih.gov/geo/series/GSE256nnn/GSE256354/matrix/GSE256354-GPL15520_series_matrix.txt.gz",89510,"a8e8c46a79e5ec0dac7f58f4b2d5397f","2026-09-16T14:34:15","OK"
"GSE256354","GPL18573","GSE256354-GPL18573_series_matrix.txt.gz","https://ftp.ncbi.nlm.nih.gov/geo/series/GSE256nnn/GSE256354/matrix/GSE256354-GPL18573_series_matrix.txt.gz",49590,"9fde874667849cb0a9d641b3b0589e64","2026-09-16T14:34:15","OK"
"GSE256354","GPL24676","GSE256354-GPL24676_series_matrix.txt.gz","https://ftp.ncbi.nlm.nih.gov/geo/series/GSE256nnn/GSE256354/matrix/GSE256354-GPL24676_series_matrix.txt.gz",83632,"82fbfdc5de3acba600c725ad6c92b678","2026-09-16T14:34:15","OK"
"GSE260456","GPL24247","GSE260456-GPL24247_series_matrix.txt.gz","https://ftp.ncbi.nlm.nih.gov/geo/series/GSE260nnn/GSE260456/matrix/GSE260456-GPL24247_series_matrix.txt.gz",6689,"a880fced0065ffcf7f02002e5792ee80","2026-09-16T14:34:16","OK"
"GSE260456","GPL24676","GSE260456-GPL24676_series_matrix.txt.gz","https://ftp.ncbi.nlm.nih.gov/geo/series/GSE260nnn/GSE260456/matrix/GSE260456-GPL24676_series_matrix.txt.gz",3083,"df547f685acdaedb8f57db4ef1f4d396","2026-09-16T14:34:16","OK"
"GSE260759",,"GSE260759_series_matrix.txt.gz","https://ftp.ncbi.nlm.nih.gov/geo/series/GSE260nnn/GSE260759/matrix/GSE260759_series_matrix.txt.gz",2700,"9767c38d64718989aa375ee1b69e2ceb","2026-09-16T14:34:17","OK"
"GSE260905",,"GSE260905_series_matrix.txt.gz","https://ftp.ncbi.nlm.nih.gov/geo/series/GSE260nnn/GSE260905/matrix/GSE260905_series_matrix.txt.gz",3435,"1c7172556d23438c84b6d5c973d6bb61","2026-09-16T14:34:17","OK"
"GSE261337",,"GSE261337_series_matrix.txt.gz","https://ftp.ncbi.nlm.nih.gov/geo/series/GSE261nnn/GSE261337/matrix/GSE261337_series_matrix.txt.gz",3310,"f7b965585781fc2721612410568f0710","2026-09-16T14:34:18","OK"
"GSE261339",,"GSE261339_series_matrix.txt.gz","https://ftp.ncbi.nlm.nih.gov/geo/series/GSE261nnn/GSE261339/matrix/GSE261339_series_matrix.txt.gz",3491,"6e2b69c66ec34d764cd4a3348aaf26e4","2026-09-16T14:34:19","OK"
"GSE261921",,"GSE261921_series_matrix.txt.gz","https://ftp.ncbi.nlm.nih.gov/geo/series/GSE261nnn/GSE261921/matrix/GSE261921_series_matrix.txt.gz",3544,"cb938a17f54f4bb0348d55f7af4d3959","2026-09-16T14:34:19","OK"
"GSE262392",,"GSE262392_series_matrix.txt.gz","https://ftp.ncbi.nlm.nih.gov/geo/series/GSE262nnn/GSE262392/matrix/GSE262392_series_matrix.txt.gz",4045,"89e6eb3de8ac0e0e97957f52f134a2f1","2026-09-16T14:34:20","OK"
"GSE262673",,"GSE262673_series_matrix.txt.gz","https://ftp.ncbi.nlm.nih.gov/geo/series/GSE262nnn/GSE262673/matrix/GSE262673_series_matrix.txt.gz",2642,"f264c6d17a9417aa29789a36d3a9a3ba","2026-09-16T14:34:21","OK"
"GSE263984",,"GSE263984_series_matrix.txt.gz","https://ftp.ncbi.nlm.nih.gov/geo/series/GSE263nnn/GSE263984/matrix/GSE263984_series_matrix.txt.gz",3206,"1ff55ae8dc672c39a98db7daee973cb5","2026-09-16T14:34:21","OK"
"GSE264565",,"GSE264565_series_matrix.txt.gz","https://ftp.ncbi.nlm.nih.gov/geo/series/GSE264nnn/GSE264565/matrix/GSE264565_series_matrix.txt.gz",2860,"e9f89b219111bc6c406ff61e63af38a2","2026-09-16T14:34:22","OK"
"GSE266010",,"GSE266010_series_matrix.txt.gz","https://ftp.ncbi.nlm.nih.gov/geo/series/GSE266nnn/GSE266010/matrix/GSE266010_series_matrix.txt.gz",2779,"98565656792b11db172c5793faba3d95","2026-09-16T14:34:23","OK"
"GSE266913",,"GSE266913_series_matrix.txt.gz","https://ftp.ncbi.nlm.nih.gov/geo/series/GSE266nnn/GSE266913/matrix/GSE266913_series_matrix.txt.gz",4144,"1d486e0d39ba8651df78ead613467d7f","2026-09-16T14:34:23","OK"
"GSE267059",,"GSE267059_series_matrix.txt.gz","https://ftp.ncbi.nlm.nih.gov/geo/series/GSE267nnn/GSE267059/matrix/GSE267059_series_matrix.txt.gz",2917,"b4805296a862d0612057946d1a96edc3","2026-09-16T14:34:24","OK"
"GSE267350",,"GSE267350_series_matrix.txt.gz","https://ftp.ncbi.nlm.nih.gov/geo/series/GSE267nnn/GSE267350/matrix/GSE267350_series_matrix.txt.gz",2924,"8b2e78618655c0b1e465d04a1b3e47ac","2026-09-16T14:34:25","OK"
"GSE267387",,"GSE267387_series_matrix.txt.gz","https://ftp.ncbi.nlm.nih.gov/geo/series/GSE267nnn/GSE267387/matrix/GSE267387_series_matrix.txt.gz",1957,"b772c9868838cd7d3c63444dfb186592","2026-09-16T14:34:25","OK"
"GSE267389","GPL16791","GSE267389-GPL16791_series_matrix.txt.gz","https://ftp.ncbi.nlm.nih.gov/geo/series/GSE267nnn/GSE267389/matrix/GSE267389-GPL16791_series_matrix.txt.gz",2162,"1eeaea098734469fb8615240622b893c","2026-09-16T14:34:26","OK"
"GSE267389","GPL18573","GSE267389-GPL18573_series_matrix.txt.gz","https://ftp.ncbi.nlm.nih.gov/geo/series/GSE267nnn/GSE267389/matrix/GSE267389-GPL18573_series_matrix.txt.gz",8326,"b8bdf8053969835ba1cbf1a1f4cdb51a","2026-09-16T14:34:26","OK"
"GSE267389","GPL24676","GSE267389-GPL24676_series_matrix.txt.gz","https://ftp.ncbi.nlm.nih.gov/geo/series/GSE267nnn/GSE267389/matrix/GSE267389-GPL24676_series_matrix.txt.gz",2560,"8a19c9cca2b134a167411b464f817923","2026-09-16T14:34:26","OK"
"GSE267885",,"GSE267885_series_matrix.txt.gz","https://ftp.ncbi.nlm.nih.gov/geo/series/GSE267nnn/GSE267885/matrix/GSE267885_series_matrix.txt.gz",2502,"26a7fc5a633567ab1386673ae159d00b","2026-09-16T14:34:27","OK"
"GSE269021",,"GSE269021_series_matrix.txt.gz","https://ftp.ncbi.nlm.nih.gov/geo/series/GSE269nnn/GSE269021/matrix/GSE269021_series_matrix.txt.gz",3316,"6482324961349a1cc06cdc6cf51b25ff","2026-09-16T14:34:27","OK"
"GSE269669",,"GSE269669_series_matrix.txt.gz","https://ftp.ncbi.nlm.nih.gov/geo/series/GSE269nnn/GSE269669/matrix/GSE269669_series_matrix.txt.gz",3057,"dea72dbf86965ef902f68557447a1d10","2026-09-16T14:34:28","OK"
"GSE270051",,"GSE270051_series_matrix.txt.gz","https://ftp.ncbi.nlm.nih.gov/geo/series/GSE270nnn/GSE270051/matrix/GSE270051_series_matrix.txt.gz",4070,"6b4dc0d2a76769bdbf843dd36e056681","2026-09-16T14:34:29","OK"
"GSE270053",,"GSE270053_series_matrix.txt.gz","https://ftp.ncbi.nlm.nih.gov/geo/series/GSE270nnn/GSE270053/matrix/GSE270053_series_matrix.txt.gz",3754,"aae6a2f304f055795f2b29bcb9b97406","2026-09-16T14:34:29","OK"
"GSE270318",,"GSE270318_series_matrix.txt.gz","https://ftp.ncbi.nlm.nih.gov/geo/series/GSE270nnn/GSE270318/matrix/GSE270318_series_matrix.txt.gz",2278,"e98ec1edfd87ecfc6054cda67bc78e82","2026-09-16T14:34:30","OK"
"GSE270397",,"GSE270397_series_matrix.txt.gz","https://ftp.ncbi.nlm.nih.gov/geo/series/GSE270nnn/GSE270397/matrix/GSE270397_series_matrix.txt.gz",2504,"00c50f02145a066d32a8e6fda992daa0","2026-09-16T14:34:30","OK"
"GSE270423",,"GSE270423_series_matrix.txt.gz","https://ftp.ncbi.nlm.nih.gov/geo/series/GSE270nnn/GSE270423/matrix/GSE270423_series_matrix.txt.gz",2118,"6a2cbf790131ea56d3c92373ef0d81d0","2026-09-16T14:34:31","OK"
"GSE271106",,"GSE271106_series_matrix.txt.gz","https://ftp.ncbi.nlm.nih.gov/geo/series/GSE271nnn/GSE271106/matrix/GSE271106_series_matrix.txt.gz",3430,"a3b98fbb1d231d00afa1fdddb9f183eb","2026-09-16T14:34:32","OK"
"GSE271137",,"GSE271137_series_matrix.txt.gz","https://ftp.ncbi.nlm.nih.gov/geo/series/GSE271nnn/GSE271137/matrix/GSE271137_series_matrix.txt.gz",5504,"f4eebaca6e6ffcf6274366cf4abb55dd","2026-09-16T14:34:32","OK"
"GSE272740",,"GSE272740_series_matrix.txt.gz","https://ftp.ncbi.nlm.nih.gov/geo/series/GSE272nnn/GSE272740/matrix/GSE272740_series_matrix.txt.gz",3441,"855f2253dda06001b6d6cc36ae982efa","2026-09-16T14:34:33","OK"
"GSE273361",,"GSE273361_series_matrix.txt.gz","https://ftp.ncbi.nlm.nih.gov/geo/series/GSE273nnn/GSE273361/matrix/GSE273361_series_matrix.txt.gz",2950,"433e31df36ad2817d2ec323bb5770319","2026-09-16T14:34:34","OK"
"GSE276384",,"GSE276384_series_matrix.txt.gz","https://ftp.ncbi.nlm.nih.gov/geo/series/GSE276nnn/GSE276384/matrix/GSE276384_series_matrix.txt.gz",2445,"d9ef79dfe70b0ad2256311e61e004f26","2026-09-16T14:34:34","OK"
"GSE276645",,"GSE276645_series_matrix.txt.gz","https://ftp.ncbi.nlm.nih.gov/geo/series/GSE276nnn/GSE276645/matrix/GSE276645_series_matrix.txt.gz",2249,"79511c0a895554007a8c0ce8668698c3","2026-09-16T14:34:35","OK"
"GSE276955",,"GSE276955_series_matrix.txt.gz","https://ftp.ncbi.nlm.nih.gov/geo/series/GSE276nnn/GSE276955/matrix/GSE276955_series_matrix.txt.gz",4067,"7be69fd938d6657fa67e4f59e6c1bef0","2026-09-16T14:34:36","OK"
"GSE277091",,"GSE277091_series_matrix.txt.gz","https://ftp.ncbi.nlm.nih.gov/geo/series/GSE277nnn/GSE277091/matrix/GSE277091_series_matrix.txt.gz",4080,"4322bddf406e7ef85ff4994c5424d101","2026-09-16T14:34:36","OK"
"GSE277096",,"GSE277096_series_matrix.txt.gz","https://ftp.ncbi.nlm.nih.gov/geo/series/GSE277nnn/GSE277096/matrix/GSE277096_series_matrix.txt.gz",3496,"b104a837aef784c6b78b95a8ca8cdace","2026-09-16T14:34:37","OK"
"GSE277100",,"GSE277100_series_matrix.txt.gz","https://ftp.ncbi.nlm.nih.gov/geo/series/GSE277nnn/GSE277100/matrix/GSE277100_series_matrix.txt.gz",3306,"133752c17dd722bc08dac893d0e6a3f4","2026-09-16T14:34:38","OK"
"GSE277382",,"GSE277382_series_matrix.txt.gz","https://ftp.ncbi.nlm.nih.gov/geo/series/GSE277nnn/GSE277382/matrix/GSE277382_series_matrix.txt.gz",4326,"5291e11627cd3597a2c268fb545a32d8","2026-09-16T14:34:38","OK"
"GSE277912",,"GSE277912_series_matrix.txt.gz","https://ftp.ncbi.nlm.nih.gov/geo/series/GSE277nnn/GSE277912/matrix/GSE277912_series_matrix.txt.gz",2531,"10f9340783058344971ebeb66ed08b05","2026-09-16T14:34:39","OK"
"GSE278582",,"GSE278582_series_matrix.txt.gz","https://ftp.ncbi.nlm.nih.gov/geo/series/GSE278nnn/GSE278582/matrix/GSE278582_series_matrix.txt.gz",3491,"161914a4e46695ccd1dd938354bb797a","2026-09-16T14:34:40","OK"
"GSE278623",,"GSE278623_series_matrix.txt.gz","https://ftp.ncbi.nlm.nih.gov/geo/series/GSE278nnn/GSE278623/matrix/GSE278623_series_matrix.txt.gz",5249,"fdfbfca0efffebd2730e8d6e7ac9de52","2026-09-16T14:34:40","OK"
"GSE280054",,"GSE280054_series_matrix.txt.gz","https://ftp.ncbi.nlm.nih.gov/geo/series/GSE280nnn/GSE280054/matrix/GSE280054_series_matrix.txt.gz",2287,"8d3efd68e37050347b9f3a1215de72b6","2026-09-16T14:34:41","OK"
"GSE280102",,"GSE280102_series_matrix.txt.gz","https://ftp.ncbi.nlm.nih.gov/geo/series/GSE280nnn/GSE280102/matrix/GSE280102_series_matrix.txt.gz",4273,"4f405fc3c2344cf105814d756ebd3d7e","2026-09-16T14:34:41","OK"
"GSE280391",,"GSE280391_series_matrix.txt.gz","https://ftp.ncbi.nlm.nih.gov/geo/series/GSE280nnn/GSE280391/matrix/GSE280391_series_matrix.txt.gz",2366,"b27f5f5d63674ef508febcf0592f97a6","2026-09-16T14:34:42","OK"
"GSE280425",,"GSE280425_series_matrix.txt.gz","https://ftp.ncbi.nlm.nih.gov/geo/series/GSE280nnn/GSE280425/matrix/GSE280425_series_matrix.txt.gz",2409,"caa3fb82421f6454e9ddce6604906268","2026-09-16T14:34:43","OK"
"GSE280428","GPL16791","GSE280428-GPL16791_series_matrix.txt.gz","https://ftp.ncbi.nlm.nih.gov/geo/series/GSE280nnn/GSE280428/matrix/GSE280428-GPL16791_series_matrix.txt.gz",3004,"6ec331ca00954e8df23f3b1776d44ad4","2026-09-16T14:34:43","OK"
"GSE280428","GPL30173","GSE280428-GPL30173_series_matrix.txt.gz","https://ftp.ncbi.nlm.nih.gov/geo/series/GSE280nnn/GSE280428/matrix/GSE280428-GPL30173_series_matrix.txt.gz",3512,"47ef21888db81fbf9dd5b0d5c0bab429","2026-09-16T14:34:44","OK"
"GSE281506",,"GSE281506_series_matrix.txt.gz","https://ftp.ncbi.nlm.nih.gov/geo/series/GSE281nnn/GSE281506/matrix/GSE281506_series_matrix.txt.gz",5521,"81f77af3be381f99e346dcf90462f20f","2026-09-16T14:34:44","OK"
"GSE282364",,"GSE282364_series_matrix.txt.gz","https://ftp.ncbi.nlm.nih.gov/geo/series/GSE282nnn/GSE282364/matrix/GSE282364_series_matrix.txt.gz",2616,"13eab8c17c4b73807b689bf6c8db3e8e","2026-09-16T14:34:45","OK"
"GSE282741",,"GSE282741_series_matrix.txt.gz","https://ftp.ncbi.nlm.nih.gov/geo/series/GSE282nnn/GSE282741/matrix/GSE282741_series_matrix.txt.gz",4075,"3ffba33cbd965efe891752c71e41994c","2026-09-16T14:34:46","OK"
"GSE282823",,"GSE282823_series_matrix.txt.gz","https://ftp.ncbi.nlm.nih.gov/geo/series/GSE282nnn/GSE282823/matrix/GSE282823_series_matrix.txt.gz",5171,"cad53362355bfe6c16f7a138e20f0159","2026-09-16T14:34:46","OK"
"GSE283096","GPL24247","GSE283096-GPL24247_series_matrix.txt.gz","https://ftp.ncbi.nlm.nih.gov/geo/series/GSE283nnn/GSE283096/matrix/GSE283096-GPL24247_series_matrix.txt.gz",4917,"9cafa34a9c171fd4ba22cc208422eaea","2026-09-16T14:34:47","OK"
"GSE283096","GPL24676","GSE283096-GPL24676_series_matrix.txt.gz","https://ftp.ncbi.nlm.nih.gov/geo/series/GSE283nnn/GSE283096/matrix/GSE283096-GPL24676_series_matrix.txt.gz",6083,"9e512cd51ff78ed56b16fc4c9f1585be","2026-09-16T14:34:47","OK"
"GSE283531","GPL18573","GSE283531-GPL18573_series_matrix.txt.gz","https://ftp.ncbi.nlm.nih.gov/geo/series/GSE283nnn/GSE283531/matrix/GSE283531-GPL18573_series_matrix.txt.gz",4201,"dd070f66dcbae85d06bb3ccd867d4c1c","2026-09-16T14:34:48","OK"
"GSE283531","GPL19057","GSE283531-GPL19057_series_matrix.txt.gz","https://ftp.ncbi.nlm.nih.gov/geo/series/GSE283nnn/GSE283531/matrix/GSE283531-GPL19057_series_matrix.txt.gz",6533,"3c6df00780a06c3895fe7e48b088fe93","2026-09-16T14:34:48","OK"
"GSE283532","GPL18573","GSE283532-GPL18573_series_matrix.txt.gz","https://ftp.ncbi.nlm.nih.gov/geo/series/GSE283nnn/GSE283532/matrix/GSE283532-GPL18573_series_matrix.txt.gz",3118,"83f4a77c0c0cb21fc6dfa2bd42b0b41f","2026-09-16T14:34:49","OK"
"GSE283532","GPL19057","GSE283532-GPL19057_series_matrix.txt.gz","https://ftp.ncbi.nlm.nih.gov/geo/series/GSE283nnn/GSE283532/matrix/GSE283532-GPL19057_series_matrix.txt.gz",7192,"3dcf1c4a9d1c9c034657e571bfb437cc","2026-09-16T14:34:49","OK"
"GSE284558","GPL21697","GSE284558-GPL21697_series_matrix.txt.gz","https://ftp.ncbi.nlm.nih.gov/geo/series/GSE284nnn/GSE284558/matrix/GSE284558-GPL21697_series_matrix.txt.gz",3585,"929e902e64ac8d17bb627f0d8d8bc315","2026-09-16T14:34:49","OK"
"GSE284558","GPL24676","GSE284558-GPL24676_series_matrix.txt.gz","https://ftp.ncbi.nlm.nih.gov/geo/series/GSE284nnn/GSE284558/matrix/GSE284558-GPL24676_series_matrix.txt.gz",3961,"81bee09c34d7b41369cebcbcd254ee9b","2026-09-16T14:34:49","OK"
"GSE286991","GPL18573","GSE286991-GPL18573_series_matrix.txt.gz","https://ftp.ncbi.nlm.nih.gov/geo/series/GSE286nnn/GSE286991/matrix/GSE286991-GPL18573_series_matrix.txt.gz",6602,"ee4a9ccd78d37f7da7dc08a8c2125f2d","2026-09-16T14:34:50","OK"
"GSE286991","GPL34284","GSE286991-GPL34284_series_matrix.txt.gz","https://ftp.ncbi.nlm.nih.gov/geo/series/GSE286nnn/GSE286991/matrix/GSE286991-GPL34284_series_matrix.txt.gz",4463,"dbb05470e40d0ef2772a12296696c615","2026-09-16T14:34:50","OK"
"GSE287297",,"GSE287297_series_matrix.txt.gz","https://ftp.ncbi.nlm.nih.gov/geo/series/GSE287nnn/GSE287297/matrix/GSE287297_series_matrix.txt.gz",5691,"3c01471ad962504b3b3c7997cfde1878","2026-09-16T14:34:51","OK"
"GSE288296",,"GSE288296_series_matrix.txt.gz","https://ftp.ncbi.nlm.nih.gov/geo/series/GSE288nnn/GSE288296/matrix/GSE288296_series_matrix.txt.gz",3572,"7f41ae2652aaf8711f906414e0ca1f6f","2026-09-16T14:34:52","OK"
"GSE288434",,"GSE288434_series_matrix.txt.gz","https://ftp.ncbi.nlm.nih.gov/geo/series/GSE288nnn/GSE288434/matrix/GSE288434_series_matrix.txt.gz",3194,"47362dbfdc87fce6c49b335417f22274","2026-09-16T14:34:52","OK"
"GSE289928",,"GSE289928_series_matrix.txt.gz","https://ftp.ncbi.nlm.nih.gov/geo/series/GSE289nnn/GSE289928/matrix/GSE289928_series_matrix.txt.gz",3032,"72b4f8a95a93ec23d8ef57933d54348c","2026-09-16T14:34:53","OK"
"GSE290438",,"GSE290438_series_matrix.txt.gz","https://ftp.ncbi.nlm.nih.gov/geo/series/GSE290nnn/GSE290438/matrix/GSE290438_series_matrix.txt.gz",4837,"629da66e5a6db2ab44258e7cc22f1b7f","2026-09-16T14:34:54","OK"
"GSE290440",,"GSE290440_series_matrix.txt.gz","https://ftp.ncbi.nlm.nih.gov/geo/series/GSE290nnn/GSE290440/matrix/GSE290440_series_matrix.txt.gz",2975,"a6c5b2d9b5f37a3075ee8ad7d2229824","2026-09-16T14:34:54","OK"
"GSE290534",,"GSE290534_series_matrix.txt.gz","https://ftp.ncbi.nlm.nih.gov/geo/series/GSE290nnn/GSE290534/matrix/GSE290534_series_matrix.txt.gz",3216,"d0d7bf3817c4a9bce2623fa4b11f4372","2026-09-16T14:34:55","OK"
"GSE290704",,"GSE290704_series_matrix.txt.gz","https://ftp.ncbi.nlm.nih.gov/geo/series/GSE290nnn/GSE290704/matrix/GSE290704_series_matrix.txt.gz",3681,"dbe6c9d304ce0d9fd05bb49ae1decb90","2026-09-16T14:34:55","OK"
"GSE291245",,"GSE291245_series_matrix.txt.gz","https://ftp.ncbi.nlm.nih.gov/geo/series/GSE291nnn/GSE291245/matrix/GSE291245_series_matrix.txt.gz",5384,"0fd2c9440e468a3f77307a4428c2aa9a","2026-09-16T14:34:56","OK"
"GSE292076",,"GSE292076_series_matrix.txt.gz","https://ftp.ncbi.nlm.nih.gov/geo/series/GSE292nnn/GSE292076/matrix/GSE292076_series_matrix.txt.gz",2524,"554d2e87874ee3a2013068ac07ca8cab","2026-09-16T14:34:57","OK"
"GSE292324","GPL20301","GSE292324-GPL20301_series_matrix.txt.gz","https://ftp.ncbi.nlm.nih.gov/geo/series/GSE292nnn/GSE292324/matrix/GSE292324-GPL20301_series_matrix.txt.gz",2725,"fd926f38ebe9eb4bf291d298d43e45cb","2026-09-16T14:34:57","OK"
"GSE292324","GPL34382","GSE292324-GPL34382_series_matrix.txt.gz","https://ftp.ncbi.nlm.nih.gov/geo/series/GSE292nnn/GSE292324/matrix/GSE292324-GPL34382_series_matrix.txt.gz",3674,"222b904d5f3e35f885fda27f3191ab14","2026-09-16T14:34:58","OK"
"GSE294096",,"GSE294096_series_matrix.txt.gz","https://ftp.ncbi.nlm.nih.gov/geo/series/GSE294nnn/GSE294096/matrix/GSE294096_series_matrix.txt.gz",3023,"17f11bd147c86053eb520d41307956b4","2026-09-16T14:34:58","OK"
"GSE294425",,"GSE294425_series_matrix.txt.gz","https://ftp.ncbi.nlm.nih.gov/geo/series/GSE294nnn/GSE294425/matrix/GSE294425_series_matrix.txt.gz",2645,"5ff2f52f45f1d1306e394e2787e68caf","2026-09-16T14:34:59","OK"
"GSE294579","GPL23159","GSE294579-GPL23159_series_matrix.txt.gz","https://ftp.ncbi.nlm.nih.gov/geo/series/GSE294nnn/GSE294579/matrix/GSE294579-GPL23159_series_matrix.txt.gz",1295851,"24cb28a6a027f58b1eecaef8e498d334","2026-09-16T14:35:00","OK"
"GSE294579","GPL34284","GSE294579-GPL34284_series_matrix.txt.gz","https://ftp.ncbi.nlm.nih.gov/geo/series/GSE294nnn/GSE294579/matrix/GSE294579-GPL34284_series_matrix.txt.gz",2538,"7bdd4f56529e85524110744448edab38","2026-09-16T14:35:00","OK"
"GSE294623",,"GSE294623_series_matrix.txt.gz","https://ftp.ncbi.nlm.nih.gov/geo/series/GSE294nnn/GSE294623/matrix/GSE294623_series_matrix.txt.gz",3040,"be05fd14ad6c8fad9b387069565ed90f","2026-09-16T14:35:01","OK"
"GSE295359",,"GSE295359_series_matrix.txt.gz","https://ftp.ncbi.nlm.nih.gov/geo/series/GSE295nnn/GSE295359/matrix/GSE295359_series_matrix.txt.gz",4245,"5b9abf5a1d39d286ec9812463c76af59","2026-09-16T14:35:01","OK"
"GSE295647",,"GSE295647_series_matrix.txt.gz","https://ftp.ncbi.nlm.nih.gov/geo/series/GSE295nnn/GSE295647/matrix/GSE295647_series_matrix.txt.gz",5059,"78c6dcd682d2b4e9f8a40dea6a7251d7","2026-09-16T14:35:02","OK"
"GSE296195",,"GSE296195_series_matrix.txt.gz","https://ftp.ncbi.nlm.nih.gov/geo/series/GSE296nnn/GSE296195/matrix/GSE296195_series_matrix.txt.gz",3521,"1f8c266fef86abf64e8d0550d1e7943b","2026-09-16T14:35:02","OK"
"GSE297227",,"GSE297227_series_matrix.txt.gz","https://ftp.ncbi.nlm.nih.gov/geo/series/GSE297nnn/GSE297227/matrix/GSE297227_series_matrix.txt.gz",8467,"fa77e0c5e90fc0c8284bd9b9cdf7de60","2026-09-16T14:35:03","OK"
"GSE297439",,"GSE297439_series_matrix.txt.gz","https://ftp.ncbi.nlm.nih.gov/geo/series/GSE297nnn/GSE297439/matrix/GSE297439_series_matrix.txt.gz",2085,"0128090579ab8b0c53dd1c36cc328ff1","2026-09-16T14:35:04","OK"
"GSE297461",,"GSE297461_series_matrix.txt.gz","https://ftp.ncbi.nlm.nih.gov/geo/series/GSE297nnn/GSE297461/matrix/GSE297461_series_matrix.txt.gz",10713435,"73bf2249f835f1009a23923010ee6379","2026-09-16T14:35:05","OK"
"GSE297480",,"GSE297480_series_matrix.txt.gz","https://ftp.ncbi.nlm.nih.gov/geo/series/GSE297nnn/GSE297480/matrix/GSE297480_series_matrix.txt.gz",3179,"f07b801794f120e9b0ac7c6942c3f08c","2026-09-16T14:35:06","OK"
"GSE297482",,"GSE297482_series_matrix.txt.gz","https://ftp.ncbi.nlm.nih.gov/geo/series/GSE297nnn/GSE297482/matrix/GSE297482_series_matrix.txt.gz",3033,"7a9bcef8c0fb89ab583ebfbc98b7eefc","2026-09-16T14:35:07","OK"
"GSE297638",,"GSE297638_series_matrix.txt.gz","https://ftp.ncbi.nlm.nih.gov/geo/series/GSE297nnn/GSE297638/matrix/GSE297638_series_matrix.txt.gz",3620,"49a3560d1d0f3426ad17075093b76975","2026-09-16T14:35:08","OK"
"GSE297639",,"GSE297639_series_matrix.txt.gz","https://ftp.ncbi.nlm.nih.gov/geo/series/GSE297nnn/GSE297639/matrix/GSE297639_series_matrix.txt.gz",2795,"278564c73c6cfb5917ce78a07ffa7d95","2026-09-16T14:35:08","OK"
"GSE298019",,"GSE298019_series_matrix.txt.gz","https://ftp.ncbi.nlm.nih.gov/geo/series/GSE298nnn/GSE298019/matrix/GSE298019_series_matrix.txt.gz",18207,"d0187cd3d5a4b908746096a767cd5ef7","2026-09-16T14:35:09","OK"
"GSE298020",,"GSE298020_series_matrix.txt.gz","https://ftp.ncbi.nlm.nih.gov/geo/series/GSE298nnn/GSE298020/matrix/GSE298020_series_matrix.txt.gz",29491,"d66515031f018dd94e6c9eea81be47e9","2026-09-16T14:35:10","OK"
"GSE298283","GPL24247","GSE298283-GPL24247_series_matrix.txt.gz","https://ftp.ncbi.nlm.nih.gov/geo/series/GSE298nnn/GSE298283/matrix/GSE298283-GPL24247_series_matrix.txt.gz",3351,"c9d62939f95997bcc53fa292f00e7140","2026-09-16T14:35:10","OK"
"GSE298283","GPL24676","GSE298283-GPL24676_series_matrix.txt.gz","https://ftp.ncbi.nlm.nih.gov/geo/series/GSE298nnn/GSE298283/matrix/GSE298283-GPL24676_series_matrix.txt.gz",3324,"1759b6799734841a516679c3681ce417","2026-09-16T14:35:10","OK"
"GSE298391",,"GSE298391_series_matrix.txt.gz","https://ftp.ncbi.nlm.nih.gov/geo/series/GSE298nnn/GSE298391/matrix/GSE298391_series_matrix.txt.gz",3690,"9ff11bb21acf7488df162bdf19ae6978","2026-09-16T14:35:11","OK"
"GSE298864",,"GSE298864_series_matrix.txt.gz","https://ftp.ncbi.nlm.nih.gov/geo/series/GSE298nnn/GSE298864/matrix/GSE298864_series_matrix.txt.gz",2990,"6574057a1b9505a8b2010f6467c4b716","2026-09-16T14:35:12","OK"
"GSE299103",,"GSE299103_series_matrix.txt.gz","https://ftp.ncbi.nlm.nih.gov/geo/series/GSE299nnn/GSE299103/matrix/GSE299103_series_matrix.txt.gz",4188,"00fcf07aa751c28f0f31b997994fb1a2","2026-09-16T14:35:12","OK"
"GSE300177","GPL24676","GSE300177-GPL24676_series_matrix.txt.gz","https://ftp.ncbi.nlm.nih.gov/geo/series/GSE300nnn/GSE300177/matrix/GSE300177-GPL24676_series_matrix.txt.gz",3297,"6ecc882519a44da6e16a4f19d60b7035","2026-09-16T14:35:13","OK"
"GSE300177","GPL30173","GSE300177-GPL30173_series_matrix.txt.gz","https://ftp.ncbi.nlm.nih.gov/geo/series/GSE300nnn/GSE300177/matrix/GSE300177-GPL30173_series_matrix.txt.gz",15507,"eb0e73da4b309e5865274ad5581e4917","2026-09-16T14:35:13","OK"
"GSE300988",,"GSE300988_series_matrix.txt.gz","https://ftp.ncbi.nlm.nih.gov/geo/series/GSE300nnn/GSE300988/matrix/GSE300988_series_matrix.txt.gz",4415,"5ac04873696fd794da63084213193a89","2026-09-16T14:35:14","OK"
"GSE301145","GPL24676","GSE301145-GPL24676_series_matrix.txt.gz","https://ftp.ncbi.nlm.nih.gov/geo/series/GSE301nnn/GSE301145/matrix/GSE301145-GPL24676_series_matrix.txt.gz",3281,"7a9eff7448a9e418aafdb4dc8dbb5ccc","2026-09-16T14:35:14","OK"
"GSE301145","GPL30173","GSE301145-GPL30173_series_matrix.txt.gz","https://ftp.ncbi.nlm.nih.gov/geo/series/GSE301nnn/GSE301145/matrix/GSE301145-GPL30173_series_matrix.txt.gz",3652,"5c73b65dcedfd421343430bc8a8b9167","2026-09-16T14:35:14","OK"
"GSE301154",,"GSE301154_series_matrix.txt.gz","https://ftp.ncbi.nlm.nih.gov/geo/series/GSE301nnn/GSE301154/matrix/GSE301154_series_matrix.txt.gz",4428,"f05d933f6403069119eb1109ad6c002c","2026-09-16T14:35:15","OK"
"GSE301413",,"GSE301413_series_matrix.txt.gz","https://ftp.ncbi.nlm.nih.gov/geo/series/GSE301nnn/GSE301413/matrix/GSE301413_series_matrix.txt.gz",3805,"3802f8b2582c476fe7b5fb484225b239","2026-09-16T14:35:16","OK"
"GSE301645",,"GSE301645_series_matrix.txt.gz","https://ftp.ncbi.nlm.nih.gov/geo/series/GSE301nnn/GSE301645/matrix/GSE301645_series_matrix.txt.gz",3935,"e37cbb8b9e18f9d27eb2d3b753f9b6c9","2026-09-16T14:35:16","OK"
"GSE302078",,"GSE302078_series_matrix.txt.gz","https://ftp.ncbi.nlm.nih.gov/geo/series/GSE302nnn/GSE302078/matrix/GSE302078_series_matrix.txt.gz",4953,"44e1a3755eeff51b48d63c6821064058","2026-09-16T14:35:17","OK"
"GSE302428",,"GSE302428_series_matrix.txt.gz","https://ftp.ncbi.nlm.nih.gov/geo/series/GSE302nnn/GSE302428/matrix/GSE302428_series_matrix.txt.gz",1816,"dedf8e00d81d0be1c5c21cf1fe93d90a","2026-09-16T14:35:17","OK"
"GSE303125",,"GSE303125_series_matrix.txt.gz","https://ftp.ncbi.nlm.nih.gov/geo/series/GSE303nnn/GSE303125/matrix/GSE303125_series_matrix.txt.gz",2853,"72102b4a6e5af4c0478601635af1fcaa","2026-09-16T14:35:18","OK"
"GSE303126","GPL18573","GSE303126-GPL18573_series_matrix.txt.gz","https://ftp.ncbi.nlm.nih.gov/geo/series/GSE303nnn/GSE303126/matrix/GSE303126-GPL18573_series_matrix.txt.gz",2353,"87c84ad2c1113d877c2673f8b6aa85bf","2026-09-16T14:35:19","OK"
"GSE303126","GPL19057","GSE303126-GPL19057_series_matrix.txt.gz","https://ftp.ncbi.nlm.nih.gov/geo/series/GSE303nnn/GSE303126/matrix/GSE303126-GPL19057_series_matrix.txt.gz",4162,"926c6051cd0e1eaa99b82819d115e1fd","2026-09-16T14:35:19","OK"
"GSE304253",,"GSE304253_series_matrix.txt.gz","https://ftp.ncbi.nlm.nih.gov/geo/series/GSE304nnn/GSE304253/matrix/GSE304253_series_matrix.txt.gz",4514,"39b82664ced53d3a1f4cf915da1e140f","2026-09-16T14:35:19","OK"
"GSE304358",,"GSE304358_series_matrix.txt.gz","https://ftp.ncbi.nlm.nih.gov/geo/series/GSE304nnn/GSE304358/matrix/GSE304358_series_matrix.txt.gz",5642,"dc0b9036b981b857bafcf695cbfb7470","2026-09-16T14:35:20","OK"
"GSE304493",,"GSE304493_series_matrix.txt.gz","https://ftp.ncbi.nlm.nih.gov/geo/series/GSE304nnn/GSE304493/matrix/GSE304493_series_matrix.txt.gz",3207,"de1303f197327a3825d7495209d41a54","2026-09-16T14:35:21","OK"
"GSE304680",,"GSE304680_series_matrix.txt.gz","https://ftp.ncbi.nlm.nih.gov/geo/series/GSE304nnn/GSE304680/matrix/GSE304680_series_matrix.txt.gz",4460,"34ed8463c2347b37158ba6831dae831c","2026-09-16T14:35:21","OK"
"GSE304789","GPL16791","GSE304789-GPL16791_series_matrix.txt.gz","https://ftp.ncbi.nlm.nih.gov/geo/series/GSE304nnn/GSE304789/matrix/GSE304789-GPL16791_series_matrix.txt.gz",3773,"3fc929e8694fe7515384f703693ce050","2026-09-16T14:35:22","OK"
"GSE304789","GPL21290","GSE304789-GPL21290_series_matrix.txt.gz","https://ftp.ncbi.nlm.nih.gov/geo/series/GSE304nnn/GSE304789/matrix/GSE304789-GPL21290_series_matrix.txt.gz",2488,"00d6bce3321d92fa0b5eff09f5b264c4","2026-09-16T14:35:22","OK"
"GSE304789","GPL24676","GSE304789-GPL24676_series_matrix.txt.gz","https://ftp.ncbi.nlm.nih.gov/geo/series/GSE304nnn/GSE304789/matrix/GSE304789-GPL24676_series_matrix.txt.gz",2525,"0eff4b3708fee72605feaad0a60f88eb","2026-09-16T14:35:22","OK"
"GSE305384","GPL24676","GSE305384-GPL24676_series_matrix.txt.gz","https://ftp.ncbi.nlm.nih.gov/geo/series/GSE305nnn/GSE305384/matrix/GSE305384-GPL24676_series_matrix.txt.gz",6383,"7f3c1dc456855f088b63239c2dee11fd","2026-09-16T14:35:23","OK"
"GSE305384","GPL34284","GSE305384-GPL34284_series_matrix.txt.gz","https://ftp.ncbi.nlm.nih.gov/geo/series/GSE305nnn/GSE305384/matrix/GSE305384-GPL34284_series_matrix.txt.gz",11269,"301d3b5fc89b93e7ff99d862e5873a2d","2026-09-16T14:35:23","OK"
"GSE305480",,"GSE305480_series_matrix.txt.gz","https://ftp.ncbi.nlm.nih.gov/geo/series/GSE305nnn/GSE305480/matrix/GSE305480_series_matrix.txt.gz",3347,"8d9411e68acec877e96d93bb7a04f095","2026-09-16T14:35:24","OK"
"GSE306205",,"GSE306205_series_matrix.txt.gz","https://ftp.ncbi.nlm.nih.gov/geo/series/GSE306nnn/GSE306205/matrix/GSE306205_series_matrix.txt.gz",3449,"4d8a9027d00af9fee2d52e50c49909cd","2026-09-16T14:35:24","OK"
"GSE306285",,"GSE306285_series_matrix.txt.gz","https://ftp.ncbi.nlm.nih.gov/geo/series/GSE306nnn/GSE306285/matrix/GSE306285_series_matrix.txt.gz",3212,"51c56dc31c1a2a3da8c6142dbfae48d2","2026-09-16T14:35:25","OK"
"GSE306484",,"GSE306484_series_matrix.txt.gz","https://ftp.ncbi.nlm.nih.gov/geo/series/GSE306nnn/GSE306484/matrix/GSE306484_series_matrix.txt.gz",2579,"fdf9674aae1503c4bb225b93238e9bba","2026-09-16T14:35:26","OK"
"GSE308825",,"GSE308825_series_matrix.txt.gz","https://ftp.ncbi.nlm.nih.gov/geo/series/GSE308nnn/GSE308825/matrix/GSE308825_series_matrix.txt.gz",2842,"c65dd76dc60e6c5a72b5037a84c21365","2026-09-16T14:35:26","OK"
"GSE309082",,"GSE309082_series_matrix.txt.gz","https://ftp.ncbi.nlm.nih.gov/geo/series/GSE309nnn/GSE309082/matrix/GSE309082_series_matrix.txt.gz",4448,"08f626b2247a53b3ccafefc2bbe0f9c9","2026-09-16T14:35:27","OK"
"GSE309897",,"GSE309897_series_matrix.txt.gz","https://ftp.ncbi.nlm.nih.gov/geo/series/GSE309nnn/GSE309897/matrix/GSE309897_series_matrix.txt.gz",3066,"5d5c19abc6b05d5f30689087fd809f9e","2026-09-16T14:35:28","OK"
"GSE312447",,"GSE312447_series_matrix.txt.gz","https://ftp.ncbi.nlm.nih.gov/geo/series/GSE312nnn/GSE312447/matrix/GSE312447_series_matrix.txt.gz",4555,"8c51ff0720436db98023485a9e1cf542","2026-09-16T14:35:28","OK"
"GSE315341",,"GSE315341_series_matrix.txt.gz","https://ftp.ncbi.nlm.nih.gov/geo/series/GSE315nnn/GSE315341/matrix/GSE315341_series_matrix.txt.gz",5478,"f5f47b51f7270bea804daf110bb03650","2026-09-16T14:35:29","OK"
"GSE315428",,"GSE315428_series_matrix.txt.gz","https://ftp.ncbi.nlm.nih.gov/geo/series/GSE315nnn/GSE315428/matrix/GSE315428_series_matrix.txt.gz",3380,"54175c056dca53295bf30fde4efafaee","2026-09-16T14:35:29","OK"
"GSE315549",,"GSE315549_series_matrix.txt.gz","https://ftp.ncbi.nlm.nih.gov/geo/series/GSE315nnn/GSE315549/matrix/GSE315549_series_matrix.txt.gz",2385,"14f8fd1c8383be6723732664ec69c212","2026-09-16T14:35:30","OK"
"GSE317371",,"GSE317371_series_matrix.txt.gz","https://ftp.ncbi.nlm.nih.gov/geo/series/GSE317nnn/GSE317371/matrix/GSE317371_series_matrix.txt.gz",4544,"ad91e0ac63480983238ae84e2f2a92e5","2026-09-16T14:35:31","OK"
"GSE317933",,"GSE317933_series_matrix.txt.gz","https://ftp.ncbi.nlm.nih.gov/geo/series/GSE317nnn/GSE317933/matrix/GSE317933_series_matrix.txt.gz",2542,"98b0d9d4ef9279afff715781c0f99b6c","2026-09-16T14:35:31","OK"
"GSE319461","GPL20301","GSE319461-GPL20301_series_matrix.txt.gz","https://ftp.ncbi.nlm.nih.gov/geo/series/GSE319nnn/GSE319461/matrix/GSE319461-GPL20301_series_matrix.txt.gz",6158,"ab97325c6b7fbfd57356b3edb83a45e9","2026-09-16T14:35:32","OK"
"GSE319461","GPL24676","GSE319461-GPL24676_series_matrix.txt.gz","https://ftp.ncbi.nlm.nih.gov/geo/series/GSE319nnn/GSE319461/matrix/GSE319461-GPL24676_series_matrix.txt.gz",6301,"315a45f2d0569856725089d20f303897","2026-09-16T14:35:32","OK"
"GSE319461","GPL34284","GSE319461-GPL34284_series_matrix.txt.gz","https://ftp.ncbi.nlm.nih.gov/geo/series/GSE319nnn/GSE319461/matrix/GSE319461-GPL34284_series_matrix.txt.gz",3586,"5bd3228fcd5b9707029e77d2c874107a","2026-09-16T14:35:32","OK"
"GSE319824",,"GSE319824_series_matrix.txt.gz","https://ftp.ncbi.nlm.nih.gov/geo/series/GSE319nnn/GSE319824/matrix/GSE319824_series_matrix.txt.gz",3181,"cfe6e5f8e32dcd3031dfc8f26519ec91","2026-09-16T14:35:33","OK"
"GSE319868",,"GSE319868_series_matrix.txt.gz","https://ftp.ncbi.nlm.nih.gov/geo/series/GSE319nnn/GSE319868/matrix/GSE319868_series_matrix.txt.gz",6630,"dd35507d38d9f16f89fe8c2779b31b57","2026-09-16T14:35:33","OK"
"GSE322773",,"GSE322773_series_matrix.txt.gz","https://ftp.ncbi.nlm.nih.gov/geo/series/GSE322nnn/GSE322773/matrix/GSE322773_series_matrix.txt.gz",5180,"50e0fe0c78ec503c78e59fae2d56fbaf","2026-09-16T14:35:34","OK"
"GSE324057",,"GSE324057_series_matrix.txt.gz","https://ftp.ncbi.nlm.nih.gov/geo/series/GSE324nnn/GSE324057/matrix/GSE324057_series_matrix.txt.gz",2764,"cf080189c36c0296a1cc1c9d708b32aa","2026-09-16T14:35:35","OK"
"GSE324546",,"GSE324546_series_matrix.txt.gz","https://ftp.ncbi.nlm.nih.gov/geo/series/GSE324nnn/GSE324546/matrix/GSE324546_series_matrix.txt.gz",2912,"9705f82d577b03ada736399cd2d3d56b","2026-09-16T14:35:35","OK"
"GSE324645",,"GSE324645_series_matrix.txt.gz","https://ftp.ncbi.nlm.nih.gov/geo/series/GSE324nnn/GSE324645/matrix/GSE324645_series_matrix.txt.gz",3757,"c9bb8473ef41d3990955d7d04a2a61d6","2026-09-16T14:35:36","OK"
"GSE327563",,"GSE327563_series_matrix.txt.gz","https://ftp.ncbi.nlm.nih.gov/geo/series/GSE327nnn/GSE327563/matrix/GSE327563_series_matrix.txt.gz",3288,"4faf5a65ecbf070d9c5dc4cd325e6265","2026-09-16T14:35:37","OK"
"GSE328421",,"GSE328421_series_matrix.txt.gz","https://ftp.ncbi.nlm.nih.gov/geo/series/GSE328nnn/GSE328421/matrix/GSE328421_series_matrix.txt.gz",3745,"02297e097b8a8f693e974d1ef20033eb","2026-09-16T14:35:37","OK"
"GSE328503",,"GSE328503_series_matrix.txt.gz","https://ftp.ncbi.nlm.nih.gov/geo/series/GSE328nnn/GSE328503/matrix/GSE328503_series_matrix.txt.gz",4801,"ca813eacdbf337876ee36b992ebfae3f","2026-09-16T14:35:38","OK"
"GSE328578","GPL24676","GSE328578-GPL24676_series_matrix.txt.gz","https://ftp.ncbi.nlm.nih.gov/geo/series/GSE328nnn/GSE328578/matrix/GSE328578-GPL24676_series_matrix.txt.gz",5853,"beb922aff40e53c03ae76fdd89fbb7e9","2026-09-16T14:35:38","OK"
"GSE328578","GPL34281","GSE328578-GPL34281_series_matrix.txt.gz","https://ftp.ncbi.nlm.nih.gov/geo/series/GSE328nnn/GSE328578/matrix/GSE328578-GPL34281_series_matrix.txt.gz",8399,"a12116d97eb274b8c8391ac2ae081ffb","2026-09-16T14:35:38","OK"
"GSE328578","GPL34284","GSE328578-GPL34284_series_matrix.txt.gz","https://ftp.ncbi.nlm.nih.gov/geo/series/GSE328nnn/GSE328578/matrix/GSE328578-GPL34284_series_matrix.txt.gz",8641,"d2245409716e3bf06efb374ad8c56afd","2026-09-16T14:35:39","OK"
"GSE338690",,"GSE338690_series_matrix.txt.gz","https://ftp.ncbi.nlm.nih.gov/geo/series/GSE338nnn/GSE338690/matrix/GSE338690_series_matrix.txt.gz",2701,"1fff27dbff3a782432b674364c1eac9b","2026-09-16T14:35:39","OK"
"GDS4288",,,"https://ftp.ncbi.nlm.nih.gov/geo/series/GSEGDS4nnn/GDS4288/matrix/",,,,"no matrix files listed"
"GDS4290",,,"https://ftp.ncbi.nlm.nih.gov/geo/series/GSEGDS4nnn/GDS4290/matrix/",,,,"no matrix files listed"
"GDS6083",,,"https://ftp.ncbi.nlm.nih.gov/geo/series/GSEGDS6nnn/GDS6083/matrix/",,,,"no matrix files listed"
